{"resourceType":"ImplementationGuide","id":"cards.smarthealth.terminology","text":{"status":"extensions","div":"<div xmlns=\"http://www.w3.org/1999/xhtml\"><h2>SMARTHealthCardsTerminology</h2><p>The official URL for this implementation guide is: </p><pre>https://terminology.smarthealth.cards/ImplementationGuide/cards.smarthealth.terminology</pre></div>"},"url":"https://terminology.smarthealth.cards/ImplementationGuide/cards.smarthealth.terminology","version":"0.1.0","name":"SMARTHealthCardsTerminology","title":"SMART Health Cards: Terminology","status":"draft","date":"2022-09-11T10:58:22+00:00","publisher":"VCI","contact":[{"name":"VCI","telecom":[{"system":"url","value":"https://vci.org"}]}],"packageId":"cards.smarthealth.terminology","license":"CC0-1.0","fhirVersion":["4.0.1"],"dependsOn":[{"id":"hl7tx","uri":"http://terminology.hl7.org/ImplementationGuide/hl7.terminology","packageId":"hl7.terminology.r4","version":"3.1.0"}],"definition":{"extension":[{"extension":[{"url":"code","valueString":"copyrightyear"},{"url":"value","valueString":"2022+"}],"url":"http://hl7.org/fhir/tools/StructureDefinition/ig-parameter"},{"extension":[{"url":"code","valueString":"releaselabel"},{"url":"value","valueString":"ci-build"}],"url":"http://hl7.org/fhir/tools/StructureDefinition/ig-parameter"},{"extension":[{"url":"code","valueString":"liquid-path"},{"url":"value","valueString":"liquid"}],"url":"http://hl7.org/fhir/tools/StructureDefinition/ig-parameter"},{"extension":[{"url":"code","valueString":"path-liquid"},{"url":"value","valueString":"template/liquid"}],"url":"http://hl7.org/fhir/tools/StructureDefinition/ig-parameter"},{"extension":[{"url":"code","valueString":"path-liquid"},{"url":"value","valueString":"input/liquid"}],"url":"http://hl7.org/fhir/tools/StructureDefinition/ig-parameter"},{"extension":[{"url":"code","valueString":"path-qa"},{"url":"value","valueString":"temp/qa"}],"url":"http://hl7.org/fhir/tools/StructureDefinition/ig-parameter"},{"extension":[{"url":"code","valueString":"path-temp"},{"url":"value","valueString":"temp/pages"}],"url":"http://hl7.org/fhir/tools/StructureDefinition/ig-parameter"},{"extension":[{"url":"code","valueString":"path-output"},{"url":"value","valueString":"output"}],"url":"http://hl7.org/fhir/tools/StructureDefinition/ig-parameter"},{"extension":[{"url":"code","valueString":"path-suppressed-warnings"},{"url":"value","valueString":"input/ignoreWarnings.txt"}],"url":"http://hl7.org/fhir/tools/StructureDefinition/ig-parameter"},{"extension":[{"url":"code","valueString":"path-history"},{"url":"value","valueString":"https://terminology.smarthealth.cards/history.html"}],"url":"http://hl7.org/fhir/tools/StructureDefinition/ig-parameter"},{"extension":[{"url":"code","valueString":"template-html"},{"url":"value","valueString":"template-page.html"}],"url":"http://hl7.org/fhir/tools/StructureDefinition/ig-parameter"},{"extension":[{"url":"code","valueString":"template-md"},{"url":"value","valueString":"template-page-md.html"}],"url":"http://hl7.org/fhir/tools/StructureDefinition/ig-parameter"},{"extension":[{"url":"code","valueString":"apply-contact"},{"url":"value","valueString":"true"}],"url":"http://hl7.org/fhir/tools/StructureDefinition/ig-parameter"},{"extension":[{"url":"code","valueString":"apply-context"},{"url":"value","valueString":"true"}],"url":"http://hl7.org/fhir/tools/StructureDefinition/ig-parameter"},{"extension":[{"url":"code","valueString":"apply-copyright"},{"url":"value","valueString":"true"}],"url":"http://hl7.org/fhir/tools/StructureDefinition/ig-parameter"},{"extension":[{"url":"code","valueString":"apply-jurisdiction"},{"url":"value","valueString":"true"}],"url":"http://hl7.org/fhir/tools/StructureDefinition/ig-parameter"},{"extension":[{"url":"code","valueString":"apply-license"},{"url":"value","valueString":"true"}],"url":"http://hl7.org/fhir/tools/StructureDefinition/ig-parameter"},{"extension":[{"url":"code","valueString":"apply-publisher"},{"url":"value","valueString":"true"}],"url":"http://hl7.org/fhir/tools/StructureDefinition/ig-parameter"},{"extension":[{"url":"code","valueString":"apply-version"},{"url":"value","valueString":"true"}],"url":"http://hl7.org/fhir/tools/StructureDefinition/ig-parameter"},{"extension":[{"url":"code","valueString":"active-tables"},{"url":"value","valueString":"true"}],"url":"http://hl7.org/fhir/tools/StructureDefinition/ig-parameter"},{"extension":[{"url":"code","valueString":"fmm-definition"},{"url":"value","valueString":"http://hl7.org/fhir/versions.html#maturity"}],"url":"http://hl7.org/fhir/tools/StructureDefinition/ig-parameter"},{"extension":[{"url":"code","valueString":"propagate-status"},{"url":"value","valueString":"true"}],"url":"http://hl7.org/fhir/tools/StructureDefinition/ig-parameter"},{"extension":[{"url":"code","valueString":"excludelogbinaryformat"},{"url":"value","valueString":"true"}],"url":"http://hl7.org/fhir/tools/StructureDefinition/ig-parameter"}],"grouping":[{"id":"-term-valueset","name":"Terminology: Value Sets","description":"These define sets of codes used by systems conforming to this implementation guide"},{"id":"-term-codesystem","name":"Terminology: Code Systems","description":"These define new code systems used by systems conforming to this implementation guide"},{"id":"-map-conceptmap","name":"Terminology: Concept Maps","description":"These define transformations to convert between codes by systems conforming with this implementation guide"}],"resource":[{"extension":[{"url":"http://hl7.org/fhir/StructureDefinition/implementationguide-page","valueUri":"ValueSet-qualitative-covid-lab-test-value-set.html"}],"reference":{"reference":"ValueSet/qualitative-covid-lab-test-value-set"},"name":"LOINCs identifying qualitative COVID lab tests","description":"This value set includes a subset of the LOINCs found at <https://loinc.org/sars-cov-2-and-covid-19/> that identify COVID-19-related laboratory tests. Only those laboratory tests that include qualitative results we believe to be useful in SMART Health Cards are included.","exampleBoolean":false,"groupingId":"-term-valueset"},{"extension":[{"url":"http://hl7.org/fhir/StructureDefinition/implementationguide-page","valueUri":"ValueSet-qualitative-lab-test-result-value-set.html"}],"reference":{"reference":"ValueSet/qualitative-lab-test-result-value-set"},"name":"Qualitative infectious disease-related lab test result codes","description":"This value set includes a codes to identify the results of qualitative lab tests related to infectious diseases.","exampleBoolean":false,"groupingId":"-term-valueset"},{"extension":[{"url":"http://hl7.org/fhir/StructureDefinition/implementationguide-page","valueUri":"CodeSystem-designation-use.html"}],"reference":{"reference":"CodeSystem/designation-use"},"name":"SMART Health Card Terminology Designation Use","description":"Identifies the designation would be used SMART Health Card terminology","exampleBoolean":false,"groupingId":"-term-codesystem"},{"extension":[{"url":"http://hl7.org/fhir/StructureDefinition/implementationguide-page","valueUri":"CodeSystem-health-card.html"}],"reference":{"reference":"CodeSystem/health-card"},"name":"Health Card Type Code System","description":"A code system defining various credential types for SMART Health Cards","exampleBoolean":false,"groupingId":"-term-codesystem"},{"extension":[{"url":"http://hl7.org/fhir/StructureDefinition/implementationguide-page","valueUri":"CodeSystem-identity-assurance-level.html"}],"reference":{"reference":"CodeSystem/identity-assurance-level"},"name":"Identity Assurance Level Code System","description":"Code representing identity assurance level, based on NIST 800-63-3","exampleBoolean":false,"groupingId":"-term-codesystem"},{"extension":[{"url":"http://hl7.org/fhir/StructureDefinition/implementationguide-page","valueUri":"ValueSet-covid-cvx.html"}],"reference":{"reference":"ValueSet/covid-cvx"},"name":"CVX Covid Codes for use in SMART Health Cards","description":"A list of CVX codes with recommended consumer suitable displays for use in SMART Health Cards, with localized consumer friendly terms","exampleBoolean":false,"groupingId":"-term-valueset"},{"extension":[{"url":"http://hl7.org/fhir/StructureDefinition/implementationguide-page","valueUri":"ConceptMap-covid-mapping-cvx-air.html"}],"reference":{"reference":"ConceptMap/covid-mapping-cvx-air"},"name":"Mapping between CVX and AIR Covid Codes","description":"A Mapping between CVX and AIR Codes for Covid vaccinations. This mapping is bi-directional - one group for each direction","exampleBoolean":false,"groupingId":"-map-conceptmap"},{"extension":[{"url":"http://hl7.org/fhir/StructureDefinition/implementationguide-page","valueUri":"ValueSet-monkeypox-cvx.html"}],"reference":{"reference":"ValueSet/monkeypox-cvx"},"name":"CVX Codes for monkeypox vaccines for use in Smart Health Cards","description":"A list of CVX codes with recommended consumer suitable displays for use in Smart Health Cards, with localized consumer friendly terms","exampleBoolean":false,"groupingId":"-term-valueset"}],"page":{"nameUrl":"toc.html","title":"Table of Contents","generation":"html","page":[{"nameUrl":"index.html","title":"Home","generation":"markdown"},{"nameUrl":"artifacts.html","title":"Artifacts Summary","generation":"html","page":[{"nameUrl":"ValueSet-qualitative-covid-lab-test-value-set.html","title":"LOINCs identifying qualitative COVID lab tests","generation":"generated"},{"nameUrl":"ValueSet-qualitative-lab-test-result-value-set.html","title":"Qualitative infectious disease-related lab test result codes","generation":"generated"},{"nameUrl":"ValueSet-covid-cvx.html","title":"CVX Covid Codes for use in SMART Health Cards","generation":"generated"},{"nameUrl":"ValueSet-monkeypox-cvx.html","title":"CVX Codes for monkeypox vaccines for use in Smart Health Cards","generation":"generated"},{"nameUrl":"CodeSystem-designation-use.html","title":"SMART Health Card Terminology Designation Use","generation":"generated"},{"nameUrl":"CodeSystem-health-card.html","title":"Health Card Type Code System","generation":"generated"},{"nameUrl":"CodeSystem-identity-assurance-level.html","title":"Identity Assurance Level Code System","generation":"generated"},{"nameUrl":"ConceptMap-covid-mapping-cvx-air.html","title":"Mapping between CVX and AIR Covid Codes","generation":"generated"}]}]},"parameter":[{"code":"path-resource","value":"input/capabilities"},{"code":"path-resource","value":"input/examples"},{"code":"path-resource","value":"input/extensions"},{"code":"path-resource","value":"input/models"},{"code":"path-resource","value":"input/operations"},{"code":"path-resource","value":"input/profiles"},{"code":"path-resource","value":"input/resources"},{"code":"path-resource","value":"input/vocabulary"},{"code":"path-resource","value":"input/maps"},{"code":"path-resource","value":"input/testing"},{"code":"path-resource","value":"input/history"},{"code":"path-resource","value":"fsh-generated/resources"},{"code":"path-pages","value":"template/config"},{"code":"path-pages","value":"input/images"},{"code":"path-tx-cache","value":"input-cache/txcache"}]}}