{
  "resourceType": "ValueSet",
  "id": "monkeypox-cvx",
  "language": "en",
  "text": {
    "status": "extensions",
    "div": "<div xmlns=\"http://www.w3.org/1999/xhtml\" xml:lang=\"en\" lang=\"en\"><p><b style=\"color: maroon\">Exception generating Narrative: unexpected non-end of element null::a  at line 3 column 74</b></p></div>"
  },
  "url": "https://terminology.smarthealth.cards/ValueSet/monkeypox-cvx",
  "version": "0.1.0",
  "name": "MonkeypoxCVXValueSet",
  "title": "CVX Codes for monkeypox vaccines for use in Smart Health Cards",
  "status": "draft",
  "date": "2022-09-02",
  "publisher": "VCI",
  "contact": [
    {
      "name": "VCI",
      "telecom": [
        {
          "system": "url",
          "value": "https://vci.org"
        }
      ]
    }
  ],
  "description": "A list of CVX codes with recommended consumer suitable displays for use in Smart Health Cards, with localized consumer friendly terms",
  "jurisdiction": [
    {
      "coding": [
        {
          "system": "urn:iso:std:iso:3166",
          "code": "US"
        }
      ]
    }
  ],
  "copyright": "Creative Commons 0",
  "compose": {
    "include": [
      {
        "system": "http://hl7.org/fhir/sid/cvx",
        "concept": [
          {
            "code": "206",
            "display": "Vaccinia, smallpox monkeypox vaccine live, PF, SQ or ID injection",
            "designation": [
              {
                "language": "en-US",
                "use": {
                  "system": "https://terminology.smarthealth.cards/CodeSystem/designation-use"
                },
                "value": "Jynneos"
              },
              {
                "language": "en-EU",
                "use": {
                  "system": "https://terminology.smarthealth.cards/CodeSystem/designation-use"
                },
                "value": "Imvanex"
              },
              {
                "language": "en-CA",
                "use": {
                  "system": "https://terminology.smarthealth.cards/CodeSystem/designation-use"
                },
                "value": "Imvamune"
              }
            ]
          },
          {
            "code": "75",
            "display": "vaccinia (smallpox)",
            "designation": [
              {
                "language": "en-US",
                "use": {
                  "system": "https://terminology.smarthealth.cards/CodeSystem/designation-use"
                },
                "value": "ACAM2000"
              }
            ]
          }
        ]
      }
    ]
  }
}