<?xml version="1.0" encoding="UTF-8"?>

<ValueSet xmlns="http://hl7.org/fhir">
  <id value="immunization-orthopoxvirus-all"/>
  <language value="en"/>
  <text>
    <status value="extensions"/><div xmlns="http://www.w3.org/1999/xhtml" xml:lang="en" lang="en">
        
            <p>
                The following codes from the <code><a href="http://terminology.hl7.org/5.0.0/CodeSystem-CVX.html">PH_VaccinesAdministeredCVX_CDC_NIP</a></code> code system are included:
            </p>
            <table class="table-striped table table-bordered">
                <tr>
                    <th>Code</th>
                    <th>Description(s)</th>
                </tr>
                
                    <tr>
                        <td><code>206</code></td>
                        <td>
                            
                                <ul>
                                    <li>Default: Vaccinia, smallpox monkeypox vaccine live, PF, SQ or ID injection</li>
                                    
                                    <li>
                                        <code>en-US</code>:
                                        Jynneos
                                    </li>
                                    
                                    <li>
                                        <code>en-EU</code>:
                                        Imvanex
                                    </li>
                                    
                                    <li>
                                        <code>en-CA</code>:
                                        Imvamune
                                    </li>
                                    
                                </ul>
                            
                        </td>
                    </tr>
                
                    <tr>
                        <td><code>75</code></td>
                        <td>
                            
                                <ul>
                                    <li>Default: vaccinia (smallpox)</li>
                                    
                                    <li>
                                        <code>en-US</code>:
                                        ACAM2000
                                    </li>
                                    
                                </ul>
                            
                        </td>
                    </tr>
                
            </table>
        
</div>
  </text>
  <url value="https://terminology.smarthealth.cards/ValueSet/immunization-orthopoxvirus-all"/>
  <version value="20230601"/>
  <name value="ImmunizationOrthopoxvirusAllValueSet"/>
  <title value="Immunization / orthopoxvirus / All codes"/>
  <status value="active"/>
  <date value="2023-06-01"/>
  <publisher value="VCI"/>
  <contact>
    <name value="VCI"/>
    <telecom>
      <system value="url"/>
      <value value="https://vci.org"/>
    </telecom>
  </contact>
  <description value="A list of all immunization codes for orthopoxvirus, combining the following ValueSets: &lt;a href=&quot;ValueSet-immunization-orthopoxvirus-cvx.html&quot;&gt;ValueSet-immunization-orthopoxvirus-cvx.json&lt;/a&gt;"/>
  <copyright value="Please see the following links for the copyright/legal information for each code system included here: &lt;a href=&quot;ValueSet-immunization-orthopoxvirus-cvx.html&quot;&gt;ValueSet-immunization-orthopoxvirus-cvx.json&lt;/a&gt;"/>
  <compose>
    <include>
      <system value="http://hl7.org/fhir/sid/cvx"/>
      <concept>
        <code value="206"/>
        <display value="Vaccinia, smallpox monkeypox vaccine live, PF, SQ or ID injection"/>
        <designation>
          <language value="en-US"/>
          <use>
            <system value="https://terminology.smarthealth.cards/CodeSystem/designation-use"/>
          </use>
          <value value="Jynneos"/>
        </designation>
        <designation>
          <language value="en-EU"/>
          <use>
            <system value="https://terminology.smarthealth.cards/CodeSystem/designation-use"/>
          </use>
          <value value="Imvanex"/>
        </designation>
        <designation>
          <language value="en-CA"/>
          <use>
            <system value="https://terminology.smarthealth.cards/CodeSystem/designation-use"/>
          </use>
          <value value="Imvamune"/>
        </designation>
      </concept>
      <concept>
        <code value="75"/>
        <display value="vaccinia (smallpox)"/>
        <designation>
          <language value="en-US"/>
          <use>
            <system value="https://terminology.smarthealth.cards/CodeSystem/designation-use"/>
          </use>
          <value value="ACAM2000"/>
        </designation>
      </concept>
    </include>
  </compose>
</ValueSet>