<?xml version="1.0" encoding="UTF-8"?><ValueSet xmlns="http://hl7.org/fhir"><id value="immunization-covid-cvx"/><language value="en"/><url value="https://terminology.smarthealth.cards/ValueSet/immunization-covid-cvx"/><version value="2023.1"/><name value="ImmunizationCovidCvxValueSet"/><title value="Immunization / COVID / CVX"/><status value="active"/><date value="2023-02-03"/><publisher value="VCI"/><contact><name value="VCI"/><telecom><system value="url"/><value value="https://vci.org"/></telecom></contact><description value="Contains [CVX (&quot;vaccine administered&quot;) codes](https://www2.cdc.gov/vaccines/iis/iisstandards/vaccines.asp?rpt=cvx) with recommended consumer-suitable display text for use in SMART Health Cards, with localized consumer friendly terms"/><copyright value="Creative Commons 0"/><compose><include><system value="http://hl7.org/fhir/sid/cvx"/><concept><code value="207"/><display value="COVID-19, mRNA, LNP-S, PF, 100 mcg/0.5mL dose or 50 mcg/0.25mL dose"/><designation><language value="en-AU"/><use><system value="https://terminology.smarthealth.cards/CodeSystem/designation-use"/></use><value value="Moderna (Spikevax)"/></designation><designation><language value="en-US"/><use><system value="https://terminology.smarthealth.cards/CodeSystem/designation-use"/></use><value value="Moderna COVID-19 Vaccine"/></designation></concept><concept><code value="208"/><display value="COVID-19, mRNA, LNP-S, PF, 30 mcg/0.3 mL dose"/><designation><language value="en-AU"/><use><system value="https://terminology.smarthealth.cards/CodeSystem/designation-use"/></use><value value="Pfizer (Comirnaty)"/></designation><designation><language value="en-US"/><use><system value="https://terminology.smarthealth.cards/CodeSystem/designation-use"/></use><value value="Pfizer-BioNTech COVID-19 Vaccine"/></designation><designation><language value="en-NZ"/><use><system value="https://terminology.smarthealth.cards/CodeSystem/designation-use"/></use><value value="Pfizer-BioNTech COVID-19 Vaccine"/></designation></concept><concept><code value="210"/><display value="COVID-19 vaccine, vector-nr, rS-ChAdOx1, PF, 0.5 mL "/><designation><language value="en-AU"/><use><system value="https://terminology.smarthealth.cards/CodeSystem/designation-use"/></use><value value="AstraZeneca (Vaxzevria)"/></designation><designation><language value="en-US"/><use><system value="https://terminology.smarthealth.cards/CodeSystem/designation-use"/></use><value value="AstraZeneca COVID-19 Vaccine"/></designation></concept><concept><code value="211"/><display value="COVID-19, subunit, rS-nanoparticle+Matrix-M1 Adjuvant, PF, 0.5 mL"/><designation><language value="en-US"/><use><system value="https://terminology.smarthealth.cards/CodeSystem/designation-use"/></use><value value="Novavax COVID-19 Vaccine"/></designation></concept><concept><code value="212"/><display value="COVID-19 vaccine, vector-nr, rS-Ad26, PF, 0.5 mL"/><designation><language value="en-AU"/><use><system value="https://terminology.smarthealth.cards/CodeSystem/designation-use"/></use><value value="Janssen COVID-19 Vaccine"/></designation><designation><language value="en-US"/><use><system value="https://terminology.smarthealth.cards/CodeSystem/designation-use"/></use><value value="Janssen COVID-19 Vaccine"/></designation></concept><concept><code value="217"/><display value="COVID-19, mRNA, LNP-S, PF, 30 mcg/0.3 mL dose, tris-sucrose"/><designation><language value="en-AU"/><use><system value="https://terminology.smarthealth.cards/CodeSystem/designation-use"/></use><value value="Pfizer (Comirnaty)"/></designation><designation><language value="en-US"/><use><system value="https://terminology.smarthealth.cards/CodeSystem/designation-use"/></use><value value="Pfizer-BioNTech COVID-19 Vaccine"/></designation></concept><concept><code value="218"/><display value="COVID-19, mRNA, LNP-S, PF, 10 mcg/0.2 mL dose, tris-sucrose"/><designation><language value="en-AU"/><use><system value="https://terminology.smarthealth.cards/CodeSystem/designation-use"/></use><value value="Pfizer (Comirnaty) - Child dose"/></designation><designation><language value="en-US"/><use><system value="https://terminology.smarthealth.cards/CodeSystem/designation-use"/></use><value value="Pfizer-BioNTech COVID-19 Vaccine"/></designation></concept><concept><code value="219"/><display value="COVID-19, mRNA, LNP-S, PF, 3 mcg/0.2 mL dose, tris-sucrose"/><designation><language value="en-US"/><use><system value="https://terminology.smarthealth.cards/CodeSystem/designation-use"/></use><value value="Pfizer-BioNTech COVID-19 Vaccine (EUA labeled) COMIRNATY (BLA labeled)"/></designation></concept><concept><code value="221"/><display value="COVID-19, mRNA, LNP-S, PF, 50 mcg/0.5 mL dose"/><designation><language value="en-US"/><use><system value="https://terminology.smarthealth.cards/CodeSystem/designation-use"/></use><value value="Moderna COVID-19 Vaccine (non-US Spikevax)"/></designation></concept><concept><code value="225"/><display value="COVID-19, D614, recomb, preS dTM, AS03 adjuvant add, PF, 5mcg/0.5mL"/><designation><language value="en-US"/><use><system value="https://terminology.smarthealth.cards/CodeSystem/designation-use"/></use><value value="Sanofi COVID-19 "/></designation></concept><concept><code value="226"/><display value="COVID-19, D614, recomb, preS dTM, AS03 adjuvant add, PF, 10mcg/0.5mL"/><designation><language value="en-US"/><use><system value="https://terminology.smarthealth.cards/CodeSystem/designation-use"/></use><value value="Sanofi COVID-19 "/></designation></concept><concept><code value="227"/><display value="COVID-19, mRNA, LNP-S, PF, pediatric 50 mcg/0.5 mL dose"/><designation><language value="en-US"/><use><system value="https://terminology.smarthealth.cards/CodeSystem/designation-use"/></use><value value="Moderna COVID-19 Vaccine (non-US Spikevax)"/></designation></concept><concept><code value="228"/><display value="COVID-19, mRNA, LNP-S, PF, pediatric 25 mcg/0.25 mL dose"/><designation><language value="en-US"/><use><system value="https://terminology.smarthealth.cards/CodeSystem/designation-use"/></use><value value="Moderna COVID-19 Vaccine (non-US Spikevax)"/></designation></concept><concept><code value="229"/><display value="COVID-19, mRNA, LNP-S, bivalent, PF, 50 mcg/0.5 mL or 25mcg/0.25 mL dose"/><designation><language value="en-US"/><use><system value="https://terminology.smarthealth.cards/CodeSystem/designation-use"/></use><value value="Moderna COVID-19 Vaccine (non-US Spikevax)"/></designation></concept><concept><code value="230"/><display value="COVID-19, mRNA, LNP-S, bivalent, PF, 10 mcg/0.2 mL"/><designation><language value="en-US"/><use><system value="https://terminology.smarthealth.cards/CodeSystem/designation-use"/></use><value value="Moderna COVID-19 Bivalent, Original + BA.4/BA.5 (Non-US Tradename Spikevax Bivalent)"/></designation></concept><concept><code value="300"/><display value="COVID-19, mRNA, LNP-S, bivalent, PF, 30 mcg/0.3 mL dose"/><designation><language value="en-US"/><use><system value="https://terminology.smarthealth.cards/CodeSystem/designation-use"/></use><value value="Pfizer-BioNTech COVID-19 Vaccine (EUA labeled)  COMIRNATY (BLA labeled)"/></designation></concept><concept><code value="301"/><display value="COVID-19, mRNA, LNP-S, bivalent, PF, 10 mcg/0.2 mL dose"/><designation><language value="en-US"/><use><system value="https://terminology.smarthealth.cards/CodeSystem/designation-use"/></use><value value="Pfizer-BioNTech COVID-19 Vaccine (EUA labeled)  COMIRNATY (BLA labeled)"/></designation></concept><concept><code value="302"/><display value="COVID-19, mRNA, LNP-S, bivalent, PF, 3 mcg/0.2 mL dose"/><designation><language value="en-US"/><use><system value="https://terminology.smarthealth.cards/CodeSystem/designation-use"/></use><value value="Pfizer-BioNTech COVID-19 Bivalent, Original + BA.4/BA.5 (Non-US Tradename COMIRNATY Bivalent)"/></designation></concept><concept><code value="308"/><display value="COVID-19, mRNA, LNP-S, PF, tris-sucrose, 3 mcg/0.3 mL"/><designation><language value="en-US"/><use><system value="https://terminology.smarthealth.cards/CodeSystem/designation-use"/></use><value value="Pfizer-BioNTech COVID-19 Vaccine (US Only)"/></designation></concept><concept><code value="309"/><display value="COVID-19, mRNA, LNP-S, PF, tris-sucrose, 30 mcg/0.3 mL"/><designation><language value="en-US"/><use><system value="https://terminology.smarthealth.cards/CodeSystem/designation-use"/></use><value value="COMIRNATY"/></designation></concept><concept><code value="310"/><display value="COVID-19, mRNA, LNP-S, PF, tris-sucrose, 10 mcg/0.3 mL"/><designation><language value="en-US"/><use><system value="https://terminology.smarthealth.cards/CodeSystem/designation-use"/></use><value value="Pfizer-BioNTech COVID-19 Vaccine (US Only)"/></designation></concept><concept><code value="311"/><display value="COVID-19, mRNA, LNP-S, PF, 25 mcg/0.25 mL"/><designation><language value="en-US"/><use><system value="https://terminology.smarthealth.cards/CodeSystem/designation-use"/></use><value value="Moderna COVID-19 Vaccine (US only)"/></designation></concept><concept><code value="312"/><display value="COVID-19, mRNA, LNP-S, PF, 50 mcg/0.5 mL"/><designation><language value="en-US"/><use><system value="https://terminology.smarthealth.cards/CodeSystem/designation-use"/></use><value value="SPIKEVAX"/></designation></concept><concept><code value="313"/><display value="COVID-19, subunit, rS-nanoparticle, adjuvanted, PF, 5 mcg/0.5 mL"/><designation><language value="en-US"/><use><system value="https://terminology.smarthealth.cards/CodeSystem/designation-use"/></use><value value="Novavax COVID-19 Vaccine, Adjuvanted (US Only)"/></designation></concept><concept><code value="501"/><display value="COVID-19 IV Non-US Vaccine (QAZCOVID-IN)"/><designation><language value="en-US"/><use><system value="https://terminology.smarthealth.cards/CodeSystem/designation-use"/></use><value value="COVID-19 IV Non-US Vaccine (QAZCOVID-IN)"/></designation></concept><concept><code value="502"/><display value="COVID-19 IV Non-US Vaccine (COVAXIN)"/><designation><language value="en-US"/><use><system value="https://terminology.smarthealth.cards/CodeSystem/designation-use"/></use><value value="COVAXIN (Bharat) COVID-19 Vaccine"/></designation></concept><concept><code value="503"/><display value="COVID-19 LAV Non-US Vaccine (COVIVAC)"/><designation><language value="en-US"/><use><system value="https://terminology.smarthealth.cards/CodeSystem/designation-use"/></use><value value="COVID-19 LAV Non-US Vaccine (COVIVAC)"/></designation></concept><concept><code value="504"/><display value="COVID-19 VVnr Non-US Vaccine (Sputnik Light)"/><designation><language value="en-US"/><use><system value="https://terminology.smarthealth.cards/CodeSystem/designation-use"/></use><value value="COVID-19 VVnr Non-US Vaccine (Sputnik Light)"/></designation></concept><concept><code value="505"/><display value="COVID-19 VVnr Non-US Vaccine (Sputnik V)"/><designation><language value="en-US"/><use><system value="https://terminology.smarthealth.cards/CodeSystem/designation-use"/></use><value value="COVID-19 VVnr Non-US Vaccine (Sputnik V)"/></designation></concept><concept><code value="506"/><display value="COVID-19 VVnr Non-US Vaccine (CanSino Biological Inc./Beijing Institute of Biotechnology"/><designation><language value="en-US"/><use><system value="https://terminology.smarthealth.cards/CodeSystem/designation-use"/></use><value value="COVID-19 VVnr Non-US Vaccine (CanSino Biological Inc./Beijing Institute of Biotechnology)"/></designation></concept><concept><code value="507"/><display value="COVID-19 PS Non-US Vaccine (Anhui Zhifei Longcom Biopharm + Inst of Micro, Chinese Acad of Sciences)"/><designation><language value="en-US"/><use><system value="https://terminology.smarthealth.cards/CodeSystem/designation-use"/></use><value value="COVID-19 PS Non-US Vaccine (Anhui Zhifei Longcom Biopharm + Inst of Micro, Chinese Acad of Sciences)"/></designation></concept><concept><code value="508"/><display value="COVID-19 PS Non-US Vaccine (Jiangsu Province Centers for Disease Control and Prevention)"/><designation><language value="en-US"/><use><system value="https://terminology.smarthealth.cards/CodeSystem/designation-use"/></use><value value="COVID-19 PS Non-US Vaccine (Jiangsu Province Centers for Disease Control and Prevention)"/></designation></concept><concept><code value="509"/><display value="COVID-19 PS Non-US Vaccine (EpiVacCorona)"/><designation><language value="en-US"/><use><system value="https://terminology.smarthealth.cards/CodeSystem/designation-use"/></use><value value="COVID-19 PS Non-US Vaccine (EpiVacCorona)"/></designation></concept><concept><code value="510"/><display value="COVID-19 IV Non-US Vaccine (BIBP, Sinopharm)"/><designation><language value="en-US"/><use><system value="https://terminology.smarthealth.cards/CodeSystem/designation-use"/></use><value value="Sinopharm (BIBP) COVID-19 Vaccine"/></designation></concept><concept><code value="511"/><display value="COVID-19 IV Non-US Vaccine (CoronaVac, Sinovac)"/><designation><language value="en-US"/><use><system value="https://terminology.smarthealth.cards/CodeSystem/designation-use"/></use><value value="Coronavac (Sinovac) COVID-19 Vaccine"/></designation></concept><concept><code value="512"/><display value="SARS-COV-2 COVID-19 VLP Non-US Vaccine (Medicago, Covifenz)"/><designation><language value="en-US"/><use><system value="https://terminology.smarthealth.cards/CodeSystem/designation-use"/></use><value value="Covifenz"/></designation></concept><concept><code value="513"/><display value="SARS-COV-2 COVID-19 PS Non-US Vaccine (Anhui Zhifei Longcom, Zifivax)"/><designation><language value="en-US"/><use><system value="https://terminology.smarthealth.cards/CodeSystem/designation-use"/></use><value value="SARS-COV-2 COVID-19 PS Non-US Vaccine (Anhui Zhifei Longcom, Zifivax)"/></designation></concept><concept><code value="514"/><display value="SARS-COV-2 COVID-19 DNA Non-US Vaccine (Zydus Cadila, ZyCoV-D)"/><designation><language value="en-US"/><use><system value="https://terminology.smarthealth.cards/CodeSystem/designation-use"/></use><value value="SARS-COV-2 COVID-19 DNA Non-US Vaccine (Zydus Cadila, ZyCoV-D)"/></designation></concept><concept><code value="515"/><display value="SARS-COV-2 COVID-19 PS Non-US Vaccine (Medigen, MVC-COV1901)"/><designation><language value="en-US"/><use><system value="https://terminology.smarthealth.cards/CodeSystem/designation-use"/></use><value value="SARS-COV-2 COVID-19 PS Non-US Vaccine (Medigen, MVC-COV1901)"/></designation></concept><concept><code value="516"/><display value="COV-2 COVID-19 Inactivated Non-US Vaccine Product (Minhai Biotechnology Co, KCONVAC)"/><designation><language value="en-US"/><use><system value="https://terminology.smarthealth.cards/CodeSystem/designation-use"/></use><value value="COV-2 COVID-19 Inactivated Non-US Vaccine Product (Minhai Biotechnology Co, KCONVAC)"/></designation></concept><concept><code value="517"/><display value="SARS-COV-2 COVID-19 PS Non-US Vaccine (Biological E Limited, Corbevax)"/><designation><language value="en-US"/><use><system value="https://terminology.smarthealth.cards/CodeSystem/designation-use"/></use><value value="SARS-COV-2 COVID-19 PS Non-US Vaccine (Biological E Limited, Corbevax)"/></designation></concept><concept><code value="518"/><display value="COVID-19 Inactivated, Non-US Vaccine (VLA2001, Valneva)"/><designation><language value="en-US"/><use><system value="https://terminology.smarthealth.cards/CodeSystem/designation-use"/></use><value value="COVID-19 Inactivated, Non-US Vaccine (VLA2001, Valneva)"/></designation></concept><concept><code value="519"/><display value="COVID-19 mRNA, bivalent, original/Omicron BA.1, Non-US Vaccine (Spikevax Bivalent), Moderna"/><designation><language value="en-US"/><use><system value="https://terminology.smarthealth.cards/CodeSystem/designation-use"/></use><value value="Moderna COVID-19 Bivalent, Original + BA.1 (Non-US Tradename Spikevax Bivalent)"/></designation></concept><concept><code value="520"/><display value="COVID-19 mRNA, bivalent, original/Omicron BA.1, Non-US Vaccine Product, Pfizer-BioNTech"/><designation><language value="en-US"/><use><system value="https://terminology.smarthealth.cards/CodeSystem/designation-use"/></use><value value="Pfizer COVID-19 Bivalent, Original + BA.1 (Non-US Tradename COMIRNATY Bivalent)"/></designation></concept><concept><code value="521"/><display value="COVID-19 SP, protein-based, adjuvanted (VidPrevtyn Beta), Sanofi-GSK"/><designation><language value="en-US"/><use><system value="https://terminology.smarthealth.cards/CodeSystem/designation-use"/></use><value value="COVID-19 SP, protein-based, adjuvanted (VidPrevtyn Beta), Sanofi-GSK"/></designation></concept></include></compose></ValueSet>