<?xml version="1.0" encoding="UTF-8"?><CodeSystem xmlns="http://hl7.org/fhir"><id value="designation-use"/><text><status value="generated"/><div xmlns="http://www.w3.org/1999/xhtml"><p>This code system <code>https://terminology.smarthealth.cards/CodeSystem/designation-use</code> defines the following codes:</p><table class="codes"><tr><td style="white-space:nowrap"><b>Code</b></td><td><b>Display</b></td><td><b>Definition</b></td></tr><tr><td style="white-space:nowrap">consumer-friendly<a name="designation-use-consumer-friendly"> </a></td><td>Consumer friendly</td><td>Indicates the display name for a term that should be shown to consumers (e.g., to identify a vaccine in a SHC wallet app's user interface).</td></tr></table></div></text><url value="https://terminology.smarthealth.cards/CodeSystem/designation-use"/><version value="0.1.0"/><name value="DesignationUse"/><title value="SMART Health Card Terminology Designation Use"/><status value="active"/><date value="2022-09-15T18:46:22+00:00"/><publisher value="VCI"/><contact><name value="VCI"/><telecom><system value="url"/><value value="https://vci.org"/></telecom></contact><description value="Identifies the designation would be used SMART Health Card terminology"/><content value="complete"/><count value="1"/><concept><code value="consumer-friendly"/><display value="Consumer friendly"/><definition value="Indicates the display name for a term that should be shown to consumers (e.g., to identify a vaccine in a SHC wallet app's user interface)."/></concept></CodeSystem>