{
  "resourceType" : "Bundle",
  "id" : "6bcc5552-3883-4526-98d1-617e702428d4",
  "meta" : {
    "lastUpdated" : "2023-06-01T21:01:58.289+00:00"
  },
  "type" : "collection",
  "entry" : [{
    "fullUrl" : "https://terminology.smarthealth.cards/ValueSet/immunization-orthopoxvirus-all",
    "resource" : {
      "resourceType" : "ValueSet",
      "language" : "en",
      "text" : {
        "status" : "extensions",
        "div" : "<div xmlns=\"http://www.w3.org/1999/xhtml\" xml:lang=\"en\" lang=\"en\">\n        \n</div>"
      },
      "url" : "https://terminology.smarthealth.cards/ValueSet/immunization-orthopoxvirus-all",
      "version" : "20230601",
      "name" : "ImmunizationOrthopoxvirusAllValueSet",
      "title" : "Immunization / orthopoxvirus / All codes",
      "status" : "active",
      "date" : "2023-06-01",
      "expansion" : {
        "identifier" : "urn:uuid:5d2373b0-9495-4c80-b32b-115766828f3d",
        "timestamp" : "2023-06-01T21:02:12+00:00",
        "total" : 2,
        "parameter" : [{
          "name" : "excludeNested",
          "valueBoolean" : false
        },
        {
          "name" : "limitedExpansion",
          "valueBoolean" : true
        },
        {
          "name" : "version",
          "valueUri" : "http://hl7.org/fhir/sid/cvx|20210406"
        }],
        "contains" : [{
          "system" : "http://hl7.org/fhir/sid/cvx",
          "code" : "206",
          "display" : "Vaccinia, smallpox monkeypox vaccine live, PF, SQ or ID injection"
        },
        {
          "system" : "http://hl7.org/fhir/sid/cvx",
          "code" : "75",
          "display" : "vaccinia (smallpox)"
        }]
      }
    }
  },
  {
    "fullUrl" : "https://terminology.smarthealth.cards/ValueSet/immunization-orthopoxvirus-cvx",
    "resource" : {
      "resourceType" : "ValueSet",
      "language" : "en",
      "text" : {
        "status" : "extensions",
        "div" : "<div xmlns=\"http://www.w3.org/1999/xhtml\" xml:lang=\"en\" lang=\"en\">\n        \n</div>"
      },
      "url" : "https://terminology.smarthealth.cards/ValueSet/immunization-orthopoxvirus-cvx",
      "version" : "2022.1",
      "name" : "ImmunizationOrthopoxvirusCvxValueSet",
      "title" : "Immunization / orthopoxvirus / CVX",
      "status" : "active",
      "date" : "2022-09-11",
      "jurisdiction" : [{
        "coding" : [{
          "system" : "urn:iso:std:iso:3166",
          "code" : "US"
        }]
      }],
      "expansion" : {
        "identifier" : "urn:uuid:92ed84d5-9aad-4dc7-90c3-5f981857bbbf",
        "timestamp" : "2023-06-01T21:02:13+00:00",
        "total" : 2,
        "parameter" : [{
          "name" : "excludeNested",
          "valueBoolean" : false
        },
        {
          "name" : "limitedExpansion",
          "valueBoolean" : true
        },
        {
          "name" : "version",
          "valueUri" : "http://hl7.org/fhir/sid/cvx|20210406"
        }],
        "contains" : [{
          "system" : "http://hl7.org/fhir/sid/cvx",
          "code" : "206",
          "display" : "Vaccinia, smallpox monkeypox vaccine live, PF, SQ or ID injection"
        },
        {
          "system" : "http://hl7.org/fhir/sid/cvx",
          "code" : "75",
          "display" : "vaccinia (smallpox)"
        }]
      }
    }
  },
  {
    "fullUrl" : "https://terminology.smarthealth.cards/ValueSet/immunization-covid-cvx",
    "resource" : {
      "resourceType" : "ValueSet",
      "language" : "en",
      "text" : {
        "status" : "extensions",
        "div" : "<div xmlns=\"http://www.w3.org/1999/xhtml\" xml:lang=\"en\" lang=\"en\">\n        \n</div>"
      },
      "url" : "https://terminology.smarthealth.cards/ValueSet/immunization-covid-cvx",
      "version" : "2023.1",
      "name" : "ImmunizationCovidCvxValueSet",
      "title" : "Immunization / COVID / CVX",
      "status" : "active",
      "date" : "2023-02-03",
      "jurisdiction" : [{
        "coding" : [{
          "system" : "urn:iso:std:iso:3166",
          "code" : "AU"
        },
        {
          "system" : "urn:iso:std:iso:3166",
          "code" : "US"
        }]
      }],
      "expansion" : {
        "identifier" : "urn:uuid:d9fd26eb-2904-4dea-84b6-e3c92965ebac",
        "timestamp" : "2023-06-01T21:02:13+00:00",
        "total" : 5,
        "parameter" : [{
          "name" : "excludeNested",
          "valueBoolean" : false
        },
        {
          "name" : "limitedExpansion",
          "valueBoolean" : true
        },
        {
          "name" : "version",
          "valueUri" : "http://hl7.org/fhir/sid/cvx|20210406"
        }],
        "contains" : [{
          "system" : "http://hl7.org/fhir/sid/cvx",
          "code" : "207",
          "display" : "COVID-19, mRNA, LNP-S, PF, 100 mcg/0.5mL dose or 50 mcg/0.25mL dose"
        },
        {
          "system" : "http://hl7.org/fhir/sid/cvx",
          "code" : "208",
          "display" : "COVID-19, mRNA, LNP-S, PF, 30 mcg/0.3 mL dose"
        },
        {
          "system" : "http://hl7.org/fhir/sid/cvx",
          "code" : "210",
          "display" : "COVID-19 vaccine, vector-nr, rS-ChAdOx1, PF, 0.5 mL "
        },
        {
          "system" : "http://hl7.org/fhir/sid/cvx",
          "code" : "211",
          "display" : "COVID-19, subunit, rS-nanoparticle+Matrix-M1 Adjuvant, PF, 0.5 mL"
        },
        {
          "system" : "http://hl7.org/fhir/sid/cvx",
          "code" : "212",
          "display" : "COVID-19 vaccine, vector-nr, rS-Ad26, PF, 0.5 mL"
        }]
      }
    }
  },
  {
    "fullUrl" : "https://terminology.smarthealth.cards/ValueSet/immunization-covid-all",
    "resource" : {
      "resourceType" : "ValueSet",
      "language" : "en",
      "text" : {
        "status" : "extensions",
        "div" : "<div xmlns=\"http://www.w3.org/1999/xhtml\" xml:lang=\"en\" lang=\"en\">\n        \n</div>"
      },
      "url" : "https://terminology.smarthealth.cards/ValueSet/immunization-covid-all",
      "version" : "20230601",
      "name" : "ImmunizationCovidAllValueSet",
      "title" : "Immunization / COVID / All codes",
      "status" : "active",
      "date" : "2023-06-01",
      "expansion" : {
        "identifier" : "urn:uuid:6e73f01b-6f52-4bee-abd4-7ba636e20347",
        "timestamp" : "2023-06-01T21:02:14+00:00",
        "total" : 5,
        "parameter" : [{
          "name" : "excludeNested",
          "valueBoolean" : false
        },
        {
          "name" : "limitedExpansion",
          "valueBoolean" : true
        },
        {
          "name" : "version",
          "valueUri" : "http://hl7.org/fhir/sid/cvx|20210406"
        },
        {
          "name" : "excludeNested",
          "valueBoolean" : true
        }],
        "contains" : [{
          "system" : "http://hl7.org/fhir/sid/cvx",
          "code" : "207",
          "display" : "COVID-19, mRNA, LNP-S, PF, 100 mcg/0.5mL dose or 50 mcg/0.25mL dose"
        },
        {
          "system" : "http://hl7.org/fhir/sid/cvx",
          "code" : "208",
          "display" : "COVID-19, mRNA, LNP-S, PF, 30 mcg/0.3 mL dose"
        },
        {
          "system" : "http://hl7.org/fhir/sid/cvx",
          "code" : "210",
          "display" : "COVID-19 vaccine, vector-nr, rS-ChAdOx1, PF, 0.5 mL "
        },
        {
          "system" : "http://hl7.org/fhir/sid/cvx",
          "code" : "211",
          "display" : "COVID-19, subunit, rS-nanoparticle+Matrix-M1 Adjuvant, PF, 0.5 mL"
        },
        {
          "system" : "http://hl7.org/fhir/sid/cvx",
          "code" : "212",
          "display" : "COVID-19 vaccine, vector-nr, rS-Ad26, PF, 0.5 mL"
        }]
      }
    }
  },
  {
    "fullUrl" : "https://terminology.smarthealth.cards/ValueSet/immunization-covid-snomed",
    "resource" : {
      "resourceType" : "ValueSet",
      "text" : {
        "status" : "extensions",
        "div" : "<div xmlns=\"http://www.w3.org/1999/xhtml\">\n        \n</div>"
      },
      "url" : "https://terminology.smarthealth.cards/ValueSet/immunization-covid-snomed",
      "version" : "2023.1",
      "name" : "ImmunizationCovidSnomedValueSet",
      "title" : "Immunization / COVID / SNOMED CT",
      "status" : "active",
      "date" : "2023-06-01T21:01:58+00:00",
      "expansion" : {
        "identifier" : "urn:uuid:7fd793dc-faa5-49e4-944e-f41f05f38750",
        "timestamp" : "2023-06-01T21:02:14+00:00",
        "total" : 0,
        "parameter" : [{
          "name" : "excludeNested",
          "valueBoolean" : false
        },
        {
          "name" : "limitedExpansion",
          "valueBoolean" : true
        }]
      }
    }
  },
  {
    "fullUrl" : "https://terminology.smarthealth.cards/ValueSet/lab-qualitative-test-covid",
    "resource" : {
      "resourceType" : "ValueSet",
      "text" : {
        "status" : "extensions",
        "div" : "<div xmlns=\"http://www.w3.org/1999/xhtml\">\n        \n</div>"
      },
      "url" : "https://terminology.smarthealth.cards/ValueSet/lab-qualitative-test-covid",
      "version" : "2022.2",
      "name" : "LabQualitativeTestCovidValueSet",
      "title" : "LOINCs identifying qualitative COVID lab tests",
      "status" : "active",
      "date" : "2023-06-01T21:01:58+00:00",
      "expansion" : {
        "identifier" : "urn:uuid:63f56479-81ff-44e0-a656-3db68eaa11af",
        "timestamp" : "2023-06-01T21:02:14+00:00",
        "total" : 84,
        "parameter" : [{
          "name" : "excludeNested",
          "valueBoolean" : false
        },
        {
          "name" : "limitedExpansion",
          "valueBoolean" : true
        },
        {
          "name" : "version",
          "valueUri" : "http://loinc.org|2.74"
        }],
        "contains" : [{
          "system" : "http://loinc.org",
          "code" : "94307-6",
          "display" : "SARS-CoV-2 N gene Spec Ql NAA N1"
        },
        {
          "system" : "http://loinc.org",
          "code" : "94308-4",
          "display" : "SARS-CoV-2 N gene Spec Ql NAA N2"
        },
        {
          "system" : "http://loinc.org",
          "code" : "94309-2",
          "display" : "SARS-CoV-2 RNA Spec Ql NAA+probe"
        },
        {
          "system" : "http://loinc.org",
          "code" : "94310-0",
          "display" : "SARS-related CoV N Spec Ql NAA N3"
        },
        {
          "system" : "http://loinc.org",
          "code" : "94314-2",
          "display" : "SARS-CoV-2 RdRp Spec Ql NAA+probe"
        },
        {
          "system" : "http://loinc.org",
          "code" : "94315-9",
          "display" : "SARS-rel CoV E gene Spec Ql NAA+probe"
        },
        {
          "system" : "http://loinc.org",
          "code" : "94316-7",
          "display" : "SARS-CoV-2 N gene Spec Ql NAA+probe"
        },
        {
          "system" : "http://loinc.org",
          "code" : "94500-6",
          "display" : "SARS-CoV-2 RNA Resp Ql NAA+probe"
        },
        {
          "system" : "http://loinc.org",
          "code" : "94502-2",
          "display" : "SARS-rel CoV RNA Resp Ql NAA+probe"
        },
        {
          "system" : "http://loinc.org",
          "code" : "94507-1",
          "display" : "SARS-CoV-2 IgG SerPlBld Ql IA.rapid"
        },
        {
          "system" : "http://loinc.org",
          "code" : "94508-9",
          "display" : "SARS-CoV-2 IgM SerPlBld Ql IA.rapid"
        },
        {
          "system" : "http://loinc.org",
          "code" : "94532-9",
          "display" : "SARS-rel CoV+MERS RNA Resp Ql NAA+probe"
        },
        {
          "system" : "http://loinc.org",
          "code" : "94533-7",
          "display" : "SARS-CoV-2 N gene Resp Ql NAA+probe"
        },
        {
          "system" : "http://loinc.org",
          "code" : "94534-5",
          "display" : "SARS-CoV-2 RdRp Resp Ql NAA+probe"
        },
        {
          "system" : "http://loinc.org",
          "code" : "94547-7",
          "display" : "SARS-CoV-2 IgG+IgM SerPl Ql IA"
        },
        {
          "system" : "http://loinc.org",
          "code" : "94558-4",
          "display" : "SARS-CoV-2 Ag Resp Ql IA.rapid"
        },
        {
          "system" : "http://loinc.org",
          "code" : "94559-2",
          "display" : "SARS-CoV-2 ORF1ab Resp Ql NAA+probe"
        },
        {
          "system" : "http://loinc.org",
          "code" : "94562-6",
          "display" : "SARS-CoV-2 IgA SerPl Ql IA"
        },
        {
          "system" : "http://loinc.org",
          "code" : "94563-4",
          "display" : "SARS-CoV-2 IgG SerPl Ql IA"
        },
        {
          "system" : "http://loinc.org",
          "code" : "94564-2",
          "display" : "SARS-CoV-2 IgM SerPl Ql IA"
        },
        {
          "system" : "http://loinc.org",
          "code" : "94565-9",
          "display" : "SARS-CoV-2 RNA Nph Ql NAA+non-probe"
        },
        {
          "system" : "http://loinc.org",
          "code" : "94639-2",
          "display" : "SARS-CoV-2 ORF1ab Spec Ql NAA+probe"
        },
        {
          "system" : "http://loinc.org",
          "code" : "94640-0",
          "display" : "SARS-CoV-2 S gene Resp Ql NAA+probe"
        },
        {
          "system" : "http://loinc.org",
          "code" : "94641-8",
          "display" : "SARS-CoV-2 S gene Spec Ql NAA+probe"
        },
        {
          "system" : "http://loinc.org",
          "code" : "94647-5",
          "display" : "SARSr-CoV RNA Spec Ql NAA+probe"
        },
        {
          "system" : "http://loinc.org",
          "code" : "94660-8",
          "display" : "SARS-CoV-2 RNA SerPl Ql NAA+probe"
        },
        {
          "system" : "http://loinc.org",
          "code" : "94661-6",
          "display" : "SARS-CoV-2 Ab SerPl-Imp"
        },
        {
          "system" : "http://loinc.org",
          "code" : "94756-4",
          "display" : "SARS-CoV-2 N gene Resp Ql NAA N1"
        },
        {
          "system" : "http://loinc.org",
          "code" : "94757-2",
          "display" : "SARS-CoV-2 N gene Resp Ql NAA N2"
        },
        {
          "system" : "http://loinc.org",
          "code" : "94758-0",
          "display" : "SARS-rel CoV E gene Resp Ql NAA+probe"
        },
        {
          "system" : "http://loinc.org",
          "code" : "94759-8",
          "display" : "SARS-CoV-2 RNA Nph Ql NAA+probe"
        },
        {
          "system" : "http://loinc.org",
          "code" : "94760-6",
          "display" : "SARS-CoV-2 N gene Nph Ql NAA+probe"
        },
        {
          "system" : "http://loinc.org",
          "code" : "94761-4",
          "display" : "SARS-CoV-2 IgG DBS Ql IA"
        },
        {
          "system" : "http://loinc.org",
          "code" : "94762-2",
          "display" : "SARS-CoV-2 Ab SerPl Ql IA"
        },
        {
          "system" : "http://loinc.org",
          "code" : "94763-0",
          "display" : "SARS-CoV-2 Spec Ql Cult"
        },
        {
          "system" : "http://loinc.org",
          "code" : "94765-5",
          "display" : "SARS-rel CoV E gene SerPl Ql NAA+probe"
        },
        {
          "system" : "http://loinc.org",
          "code" : "94766-3",
          "display" : "SARS-CoV-2 N gene SerPl Ql NAA+probe"
        },
        {
          "system" : "http://loinc.org",
          "code" : "94767-1",
          "display" : "SARS-CoV-2 S gene SerPl Ql NAA+probe"
        },
        {
          "system" : "http://loinc.org",
          "code" : "94768-9",
          "display" : "SARS-CoV-2 IgA SerPlBld Ql IA.rapid"
        },
        {
          "system" : "http://loinc.org",
          "code" : "94822-4",
          "display" : "SARS-CoV-2 RNA Sal Ql Seq"
        },
        {
          "system" : "http://loinc.org",
          "code" : "94845-5",
          "display" : "SARS-CoV-2 RNA Sal Ql NAA+probe"
        },
        {
          "system" : "http://loinc.org",
          "code" : "95125-1",
          "display" : "SARS-CoV-2 IgA+IgM SerPl Ql IA"
        },
        {
          "system" : "http://loinc.org",
          "code" : "95209-3",
          "display" : "SARS-CoV+SARS-CoV-2 Ag Resp Ql IA.rapid"
        },
        {
          "system" : "http://loinc.org",
          "code" : "95406-5",
          "display" : "SARS-CoV-2 RNA Nose Ql NAA+probe"
        },
        {
          "system" : "http://loinc.org",
          "code" : "95409-9",
          "display" : "SARS-CoV-2 N gene Nose Ql NAA+probe"
        },
        {
          "system" : "http://loinc.org",
          "code" : "95411-5",
          "display" : "SARS-CoV-2 NAb Ser Ql pVNT"
        },
        {
          "system" : "http://loinc.org",
          "code" : "95416-4",
          "display" : "SARS-CoV-2 IgM DBS Ql IA"
        },
        {
          "system" : "http://loinc.org",
          "code" : "95423-0",
          "display" : "FLUABV + SARS-CoV-2 Resp NAA+probe"
        },
        {
          "system" : "http://loinc.org",
          "code" : "95424-8",
          "display" : "SARS-CoV-2 RNA Resp Ql Seq"
        },
        {
          "system" : "http://loinc.org",
          "code" : "95425-5",
          "display" : "SARS-CoV-2 N gene Sal Ql NAA+probe"
        },
        {
          "system" : "http://loinc.org",
          "code" : "95542-7",
          "display" : "SARS-CoV-2 Ab SerPlBld Ql IA.rapid"
        },
        {
          "system" : "http://loinc.org",
          "code" : "95608-6",
          "display" : "SARS-CoV-2 RNA Resp Ql NAA+non-probe"
        },
        {
          "system" : "http://loinc.org",
          "code" : "95609-4",
          "display" : "SARS-CoV-2 S gene Resp Ql Seq"
        },
        {
          "system" : "http://loinc.org",
          "code" : "95823-1",
          "display" : "SARS-rel CoV E gene Sal Ql NAA+probe"
        },
        {
          "system" : "http://loinc.org",
          "code" : "95824-9",
          "display" : "SARS-CoV-2 ORF1ab Sal Ql NAA+probe"
        },
        {
          "system" : "http://loinc.org",
          "code" : "95825-6",
          "display" : "SARS-CoV-2 Ab DBS Ql IA"
        },
        {
          "system" : "http://loinc.org",
          "code" : "95970-0",
          "display" : "SARS-CoV-2 TCRB Bld Ql Seq"
        },
        {
          "system" : "http://loinc.org",
          "code" : "95971-8",
          "display" : "SARS-CoV-2 IFN-g Bld Ql"
        },
        {
          "system" : "http://loinc.org",
          "code" : "96091-4",
          "display" : "SARS-CoV-2 RdRp Sal Ql NAA+probe"
        },
        {
          "system" : "http://loinc.org",
          "code" : "96119-3",
          "display" : "SARS-CoV-2 Ag Upper resp Ql IA"
        },
        {
          "system" : "http://loinc.org",
          "code" : "96120-1",
          "display" : "SARS-CoV-2 RdRp Lower resp Ql NAA+probe"
        },
        {
          "system" : "http://loinc.org",
          "code" : "96121-9",
          "display" : "SARS-rel CoV E gene Low resp Ql NAA+prb"
        },
        {
          "system" : "http://loinc.org",
          "code" : "96122-7",
          "display" : "SARS-rel CoV E gene Upper resp Ql NAA+prb"
        },
        {
          "system" : "http://loinc.org",
          "code" : "96123-5",
          "display" : "SARS-CoV-2 RdRp Upper resp Ql NAA+probe"
        },
        {
          "system" : "http://loinc.org",
          "code" : "96448-6",
          "display" : "SARS-CoV-2 N gene Sal Ql NAA N1"
        },
        {
          "system" : "http://loinc.org",
          "code" : "96603-6",
          "display" : "SARS-CoV-2 S RBD NAb SerPl Ql sVNT"
        },
        {
          "system" : "http://loinc.org",
          "code" : "96752-1",
          "display" : "SARS-CoV-2 S gene mut Spec Ql"
        },
        {
          "system" : "http://loinc.org",
          "code" : "96763-8",
          "display" : "SARS-CoV-2 E gene Resp Ql NAA+probe"
        },
        {
          "system" : "http://loinc.org",
          "code" : "96765-3",
          "display" : "SARS-CoV-2 S gene Sal Ql NAA+probe"
        },
        {
          "system" : "http://loinc.org",
          "code" : "96797-6",
          "display" : "SARS-CoV-2 RNA OPA wash Ql NAA+probe"
        },
        {
          "system" : "http://loinc.org",
          "code" : "96829-7",
          "display" : "SARS-CoV-2 RNA Spec Donr Ql NAA+probe"
        },
        {
          "system" : "http://loinc.org",
          "code" : "96957-6",
          "display" : "SARS-CoV-2 M gene Upper resp Ql NAA+prb"
        },
        {
          "system" : "http://loinc.org",
          "code" : "96958-4",
          "display" : "SARS-CoV-2 N gene Sal Ql NAA N2"
        },
        {
          "system" : "http://loinc.org",
          "code" : "96986-5",
          "display" : "SARS-CoV-2 N gene Nose Ql NAA+non-probe"
        },
        {
          "system" : "http://loinc.org",
          "code" : "97097-0",
          "display" : "SARS-CoV-2 Ag Upper resp Ql IA.rapid"
        },
        {
          "system" : "http://loinc.org",
          "code" : "97098-8",
          "display" : "SARS-CoV-2 Nsp2 Upper resp Ql NAA+probe"
        },
        {
          "system" : "http://loinc.org",
          "code" : "98069-8",
          "display" : "SARS-CoV-2 Ab Sal Ql IA.rapid"
        },
        {
          "system" : "http://loinc.org",
          "code" : "98131-6",
          "display" : "SARS-CoV-2 ORF1b Resp Ql NAA+probe"
        },
        {
          "system" : "http://loinc.org",
          "code" : "98132-4",
          "display" : "SARS-CoV-2 ORF1a Resp Ql NAA+probe"
        },
        {
          "system" : "http://loinc.org",
          "code" : "98493-0",
          "display" : "SARS-CoV-2 ORF1b Sal Ql NAA+probe"
        },
        {
          "system" : "http://loinc.org",
          "code" : "98494-8",
          "display" : "SARS-CoV-2 ORF1a Sal Ql NAA+probe"
        },
        {
          "system" : "http://loinc.org",
          "code" : "99596-9",
          "display" : "SARS-CoV-2 N IgG SerPl Ql IA"
        },
        {
          "system" : "http://loinc.org",
          "code" : "99597-7",
          "display" : "SARS-CoV-2 S IgG SerPl Ql IA"
        },
        {
          "system" : "http://loinc.org",
          "code" : "99772-6",
          "display" : "SARS-CoV-2 IFN-g Bld-Imp"
        }]
      }
    }
  },
  {
    "fullUrl" : "https://terminology.smarthealth.cards/ValueSet/lab-qualitative-result",
    "resource" : {
      "resourceType" : "ValueSet",
      "text" : {
        "status" : "extensions",
        "div" : "<div xmlns=\"http://www.w3.org/1999/xhtml\">\n        \n</div>"
      },
      "url" : "https://terminology.smarthealth.cards/ValueSet/lab-qualitative-result",
      "version" : "2022.2",
      "name" : "LabQualitativeResultValueSet",
      "title" : "Qualitative infectious disease-related lab test result codes",
      "status" : "active",
      "date" : "2023-06-01T21:01:58+00:00",
      "expansion" : {
        "identifier" : "urn:uuid:69483390-e59f-48f6-b41e-0402e468cbcd",
        "timestamp" : "2023-06-01T21:02:14+00:00",
        "total" : 18,
        "parameter" : [{
          "name" : "excludeNested",
          "valueBoolean" : false
        },
        {
          "name" : "limitedExpansion",
          "valueBoolean" : true
        },
        {
          "name" : "version",
          "valueUri" : "http://loinc.org|2.74"
        },
        {
          "name" : "excludeNested",
          "valueBoolean" : true
        },
        {
          "name" : "version",
          "valueUri" : "http://snomed.info/sct|http://snomed.info/sct/900000000000207008/version/20230131"
        }],
        "contains" : [{
          "system" : "http://loinc.org",
          "code" : "LA28481-2",
          "display" : "Past infection"
        },
        {
          "system" : "http://loinc.org",
          "code" : "LA28482-0",
          "display" : "Recent infection"
        },
        {
          "system" : "http://snomed.info/sct",
          "code" : "10828004",
          "display" : "Positive (qualifier value)"
        },
        {
          "system" : "http://snomed.info/sct",
          "code" : "11214006",
          "display" : "Reactive (qualifier value)"
        },
        {
          "system" : "http://snomed.info/sct",
          "code" : "125154007",
          "display" : "Specimen unsatisfactory for evaluation (finding)"
        },
        {
          "system" : "http://snomed.info/sct",
          "code" : "131194007",
          "display" : "Non-reactive (qualifier value)"
        },
        {
          "system" : "http://snomed.info/sct",
          "code" : "260373001",
          "display" : "Detected (qualifier value)"
        },
        {
          "system" : "http://snomed.info/sct",
          "code" : "260385009",
          "display" : "Negative (qualifier value)"
        },
        {
          "system" : "http://snomed.info/sct",
          "code" : "260415000",
          "display" : "Not detected (qualifier value)"
        },
        {
          "system" : "http://snomed.info/sct",
          "code" : "407479009",
          "display" : "Influenza A virus (organism)"
        },
        {
          "system" : "http://snomed.info/sct",
          "code" : "407480007",
          "display" : "Influenza B virus (organism)"
        },
        {
          "system" : "http://snomed.info/sct",
          "code" : "415684004",
          "display" : "Suspected (qualifier value)"
        },
        {
          "system" : "http://snomed.info/sct",
          "code" : "419984006",
          "display" : "Inconclusive (qualifier value)"
        },
        {
          "system" : "http://snomed.info/sct",
          "code" : "42425007",
          "display" : "Equivocal (qualifier value)"
        },
        {
          "system" : "http://snomed.info/sct",
          "code" : "455371000124106",
          "display" : "Invalid result (qualifier value)"
        },
        {
          "system" : "http://snomed.info/sct",
          "code" : "720735008",
          "display" : "Presumptive positive (qualifier value)"
        },
        {
          "system" : "http://snomed.info/sct",
          "code" : "82334004",
          "display" : "Indeterminate (qualifier value)"
        },
        {
          "system" : "http://snomed.info/sct",
          "code" : "840533007",
          "display" : "Severe acute respiratory syndrome coronavirus 2 (organism)"
        }]
      }
    }
  }]
}