{"resourceType":"CodeSystem","id":"health-card","text":{"status":"extensions","div":"<div xmlns=\"http://www.w3.org/1999/xhtml\">\n<script>\n    let pTags = Array.from(document.getElementsByTagName(&quot;p&quot;));\n    pTags.filter(function(x) { return x.textContent.includes('This Code system is referenced in the content logical definition of the following value sets:')}).forEach(function(t) { t.style.display = &quot;none&quot;});\n    pTags.filter(function(x) { return x.textContent.includes('This CodeSystem is not used here; it may be used elsewhere (e.g. specifications and/or implementations that use this content)')}).forEach(function(t) {t.style.display = &quot;none&quot;});\n</script>\n<div>\n    <table class=\"table-striped table table-bordered\">\n        <tr>\n            <th>Code</th>\n            <th>Description(s)</th>\n        </tr>\n        \n            <tr>\n                <td><code>health-card</code></td>\n                <td>\n                    \n                        A VC designed to convey a &quot;Health Card&quot; (i.e., clinical data bound to a subject's identity)\n                    \n                </td>\n            </tr>\n        \n            <tr>\n                <td><code>covid19</code></td>\n                <td>\n                    \n                        A Health Card designed to convey COVID-19 details\n                    \n                </td>\n            </tr>\n        \n            <tr>\n                <td><code>monkeypox</code></td>\n                <td>\n                    \n                        A Health Card designed to convey monkeypox details\n                    \n                </td>\n            </tr>\n        \n            <tr>\n                <td><code>immunization</code></td>\n                <td>\n                    \n                        A Health Card designed to convey immunization details\n                    \n                </td>\n            </tr>\n        \n            <tr>\n                <td><code>laboratory</code></td>\n                <td>\n                    \n                        A Health Card designed to convey laboratory results\n                    \n                </td>\n            </tr>\n        \n    </table>\n</div></div>"},"url":"https://smarthealth.cards","version":"0.1.0","name":"HealthCardTypeCodeSystem","title":"Health Card Type Code System","status":"active","date":"2022-09-02T20:55:52+00:00","publisher":"VCI","contact":[{"name":"VCI","telecom":[{"system":"url","value":"https://vci.org"}]}],"description":"A code system defining various credential types for SMART Health Cards","caseSensitive":false,"content":"complete","count":5,"concept":[{"code":"health-card","display":"A VC designed to convey a \"Health Card\" (i.e., clinical data bound to a subject's identity)"},{"code":"covid19","display":"A Health Card designed to convey COVID-19 details"},{"code":"monkeypox","display":"A Health Card designed to convey monkeypox details"},{"code":"immunization","display":"A Health Card designed to convey immunization details"},{"code":"laboratory","display":"A Health Card designed to convey laboratory results"}]}