{"resourceType":"ValueSet","id":"monkeypox-cvx","language":"en","text":{"status":"extensions","div":"<div xmlns=\"http://www.w3.org/1999/xhtml\" xml:lang=\"en\" lang=\"en\">\n        \n            <p>Include these codes as defined in <a href=\"http://hl7.org/fhir/sid/cvx\"><code>http://hl7.org/fhir/sid/cvx</code></a>:</p>\n            <table class=\"table-striped table table-bordered\">\n                <tr>\n                    <th>Code</th>\n                    <th>Description(s)</th>\n                </tr>\n                \n                    <tr>\n                        <td><code>206</code></td>\n                        <td>\n                            \n                                <ul>\n                                    <li>Default: Vaccinia, smallpox monkeypox vaccine live, PF, SQ or ID injection</li>\n                                    \n                                    <li>\n                                        <code>en-US</code>:\n                                        JYNNEOS\n                                    </li>\n                                    \n                                </ul>\n                            \n                        </td>\n                    </tr>\n                \n                    <tr>\n                        <td><code>75</code></td>\n                        <td>\n                            \n                                <ul>\n                                    <li>Default: vaccinia (smallpox)</li>\n                                    \n                                    <li>\n                                        <code>en-US</code>:\n                                        ACAM2000\n                                    </li>\n                                    \n                                </ul>\n                            \n                        </td>\n                    </tr>\n                \n            </table>\n        \n</div>"},"url":"https://terminology.smarthealth.cards/ValueSet/monkeypox-cvx","version":"0.1.0","name":"MonkeypoxCVXValueSet","title":"CVX Codes for monkeypox vaccines for use in Smart Health Cards","status":"draft","date":"2022-09-02","publisher":"VCI","contact":[{"name":"VCI","telecom":[{"system":"url","value":"https://vci.org"}]}],"description":"A list of CVX codes with recommended consumer suitable displays for use in SMART Health Cards, with localized consumer friendly terms","jurisdiction":[{"coding":[{"system":"urn:iso:std:iso:3166","code":"US"}]}],"copyright":"Creative Commons 0","compose":{"include":[{"system":"http://hl7.org/fhir/sid/cvx","concept":[{"code":"206","display":"Vaccinia, smallpox monkeypox vaccine live, PF, SQ or ID injection","designation":[{"language":"en-US","use":{"system":"https://terminology.smarthealth.cards/CodeSystem/designation-use"},"value":"JYNNEOS"}]},{"code":"75","display":"vaccinia (smallpox)","designation":[{"language":"en-US","use":{"system":"https://terminology.smarthealth.cards/CodeSystem/designation-use"},"value":"ACAM2000"}]}]}]}}