<?xml version="1.0" encoding="UTF-8"?><ValueSet xmlns="http://hl7.org/fhir"><id value="immunization-covid-icd11"/><url value="https://terminology.smarthealth.cards/ValueSet/immunization-covid-icd11"/><version value="2023-01"/><name value="ImmunizationCovidIcd11ValueSet"/><title value="Immunization / COVID / ICD-11"/><status value="draft"/><date value="2023-07-06T15:10:39+00:00"/><publisher value="VCI"/><contact><name value="VCI"/><telecom><system value="url"/><value value="https://vci.org"/></telecom></contact><description value="Contains ICD-11 MMS codes from the [`2023-01` release](https://icd.who.int/icdapi/docs2/SupportedClassifications/) that are descendants of `XM68M6` (&quot;COVID-19 Vaccines&quot;)."/><copyright value="International Classification of Diseases, Eleventh Revision (ICD-11), World Health Organization (WHO) 2019/2021. &lt;https://icd.who.int/browse11&gt;. Licensed under [Creative Commons Attribution-NoDerivatives 3.0 IGO licence (CC BY-ND 3.0 IGO)](https://creativecommons.org/licenses/by-nd/3.0/igo/)."/><compose><include><system value="http://id.who.int/icd11/mms"/><concept><code value="XM1NL1"/><display value="COVID-19 vaccines, inactivated virus"/></concept><concept><code value="XM7HT3"/><display value="CoronaVac®"/></concept><concept><code value="XM8866"/><display value="BBIBP-CorV"/></concept><concept><code value="XM9TQ1"/><display value="KCONVAC"/></concept><concept><code value="XM1G90"/><display value="Covaxin"/></concept><concept><code value="XM85P5"/><display value="Covi-Vac"/></concept><concept><code value="XM9FQ7"/><display value="Hayat-Vax"/></concept><concept><code value="XM97N6"/><display value="QazVac"/></concept><concept><code value="XM2YG8"/><display value="COVIran Barakat"/></concept><concept><code value="XM0K39"/><display value="Covidful"/></concept><concept><code value="XM1AU2"/><display value="Sinopharm WIBP-CorV"/></concept><concept><code value="XM5DF6"/><display value="COVID-19 vaccines, live attenuated virus"/></concept><concept><code value="XM9QW8"/><display value="COVID-19 vaccines, non-replicating viral vector"/></concept><concept><code value="XM4YL8"/><display value="COVID-19 Vaccine AstraZeneca"/></concept><concept><code value="XM97T2"/><display value="Covishield®"/></concept><concept><code value="XM6QV1"/><display value="COVID-19 Vaccine Janssen"/></concept><concept><code value="XM1AG7"/><display value="Convidecia"/></concept><concept><code value="XM5ZJ4"/><display value="Gam-Covid-Vac"/></concept><concept><code value="XM5QM6"/><display value="Sputnik-Light"/></concept><concept><code value="XM0CX4"/><display value="COVID-19 vaccines, replicating viral vector"/></concept><concept><code value="XM5JC5"/><display value="COVID-19 vaccines, virus protein subunit"/></concept><concept><code value="XM3CT4"/><display value="Recombinant SARS-CoV-2 vaccines"/></concept><concept><code value="XM3PG0"/><display value="Soberana-02"/></concept><concept><code value="XM4EC8"/><display value="MVC-COV1901"/></concept><concept><code value="XM6SZ8"/><display value="EpiVacCorona"/></concept><concept><code value="XM0RV9"/><display value="Soberana Plus"/></concept><concept><code value="XM3SK8"/><display value="EpiVacCorona-N"/></concept><concept><code value="XM9P21"/><display value="SpikoGen"/></concept><concept><code value="XM9T65"/><display value="Novavax COVID-19 vaccines"/></concept><concept><code value="XM9N08"/><display value="Razi COV PARS"/></concept><concept><code value="XM1J92"/><display value="COVID-19 vaccines, virus like particle"/></concept><concept><code value="XM6AT1"/><display value="COVID-19 vaccines, DNA based"/></concept><concept><code value="XM52P3"/><display value="ZyCov-D"/></concept><concept><code value="XM0GQ8"/><display value="COVID-19 vaccines, RNA based"/></concept><concept><code value="XM8NQ0"/><display value="Comirnaty®"/></concept><concept><code value="XM3DT5"/><display value="COVID-19 Vaccine Moderna"/></concept></include></compose></ValueSet>