<?xml version="1.0" encoding="UTF-8"?><ValueSet xmlns="http://hl7.org/fhir"><id value="immunization-orthopoxvirus-all"/><language value="en"/><url value="https://terminology.smarthealth.cards/ValueSet/immunization-orthopoxvirus-all"/><version value="20230601"/><name value="ImmunizationOrthopoxvirusAllValueSet"/><title value="Immunization / orthopoxvirus / All codes"/><status value="active"/><date value="2023-06-01"/><publisher value="VCI"/><contact><name value="VCI"/><telecom><system value="url"/><value value="https://vci.org"/></telecom></contact><description value="A list of all immunization codes for orthopoxvirus, combining the following ValueSets: &lt;a href=&quot;ValueSet-immunization-orthopoxvirus-cvx.html&quot;&gt;ValueSet-immunization-orthopoxvirus-cvx.json&lt;/a&gt;"/><copyright value="Please see the following links for the copyright/legal information for each code system included here: &lt;a href=&quot;ValueSet-immunization-orthopoxvirus-cvx.html&quot;&gt;ValueSet-immunization-orthopoxvirus-cvx.json&lt;/a&gt;"/><compose><include><system value="http://hl7.org/fhir/sid/cvx"/><concept><code value="206"/><display value="Vaccinia, smallpox monkeypox vaccine live, PF, SQ or ID injection"/><designation><language value="en-US"/><use><system value="https://terminology.smarthealth.cards/CodeSystem/designation-use"/></use><value value="Jynneos"/></designation><designation><language value="en-EU"/><use><system value="https://terminology.smarthealth.cards/CodeSystem/designation-use"/></use><value value="Imvanex"/></designation><designation><language value="en-CA"/><use><system value="https://terminology.smarthealth.cards/CodeSystem/designation-use"/></use><value value="Imvamune"/></designation></concept><concept><code value="75"/><display value="vaccinia (smallpox)"/><designation><language value="en-US"/><use><system value="https://terminology.smarthealth.cards/CodeSystem/designation-use"/></use><value value="ACAM2000"/></designation></concept></include></compose></ValueSet>