<?xml version="1.0" encoding="UTF-8"?><CodeSystem xmlns="http://hl7.org/fhir"><id value="designation-use"/><url value="https://terminology.smarthealth.cards/CodeSystem/designation-use"/><version value="1.0.0"/><name value="DesignationUse"/><title value="Designation Use"/><status value="active"/><date value="2023-06-01T21:01:58+00:00"/><publisher value="VCI"/><contact><name value="VCI"/><telecom><system value="url"/><value value="https://vci.org"/></telecom></contact><description value="Code system indicating how a display name should be used in our community-maintained localizations. This is NOT used in SMART Health Cards themselves -- it is just for the community-provided localizations ValueSets for displaying SMART Health Card codes in user interfaces."/><caseSensitive value="false"/><content value="complete"/><count value="1"/><concept><code value="consumer-friendly"/><display value="Consumer friendly"/><definition value="Indicates the display name for a term that should be shown to consumers (e.g., to identify a vaccine in a SHC wallet app's user interface)."/></concept></CodeSystem>