<?xml version="1.0" encoding="UTF-8"?><ValueSet xmlns="http://hl7.org/fhir"><id value="immunization-covid-all"/><language value="en"/><text><status value="extensions"/><div xmlns="http://www.w3.org/1999/xhtml" xml:lang="en" lang="en">
        
            <p>
                The following codes from the <code><a href="http://terminology.hl7.org/5.0.0/CodeSystem-CVX.html">PH_VaccinesAdministeredCVX_CDC_NIP</a></code> code system are included:
            </p>
            <table class="table-striped table table-bordered">
                <tr>
                    <th>Code</th>
                    <th>Description(s)</th>
                </tr>
                
                    <tr>
                        <td><code>207</code></td>
                        <td>
                            
                                <ul>
                                    <li>Default: COVID-19, mRNA, LNP-S, PF, 100 mcg/0.5mL dose or 50 mcg/0.25mL dose</li>
                                    
                                    <li>
                                        <code>en-AU</code>:
                                        Moderna (Spikevax)
                                    </li>
                                    
                                    <li>
                                        <code>en-US</code>:
                                        Moderna COVID-19 Vaccine
                                    </li>
                                    
                                </ul>
                            
                        </td>
                    </tr>
                
                    <tr>
                        <td><code>208</code></td>
                        <td>
                            
                                <ul>
                                    <li>Default: COVID-19, mRNA, LNP-S, PF, 30 mcg/0.3 mL dose</li>
                                    
                                    <li>
                                        <code>en-AU</code>:
                                        Pfizer (Comirnaty)
                                    </li>
                                    
                                    <li>
                                        <code>en-US</code>:
                                        Pfizer-BioNTech COVID-19 Vaccine
                                    </li>
                                    
                                    <li>
                                        <code>en-NZ</code>:
                                        Pfizer-BioNTech COVID-19 Vaccine
                                    </li>
                                    
                                </ul>
                            
                        </td>
                    </tr>
                
                    <tr>
                        <td><code>210</code></td>
                        <td>
                            
                                <ul>
                                    <li>Default: COVID-19 vaccine, vector-nr, rS-ChAdOx1, PF, 0.5 mL </li>
                                    
                                    <li>
                                        <code>en-AU</code>:
                                        AstraZeneca (Vaxzevria)
                                    </li>
                                    
                                    <li>
                                        <code>en-US</code>:
                                        AstraZeneca COVID-19 Vaccine
                                    </li>
                                    
                                </ul>
                            
                        </td>
                    </tr>
                
                    <tr>
                        <td><code>211</code></td>
                        <td>
                            
                                <ul>
                                    <li>Default: COVID-19, subunit, rS-nanoparticle+Matrix-M1 Adjuvant, PF, 0.5 mL</li>
                                    
                                    <li>
                                        <code>en-US</code>:
                                        Novavax COVID-19 Vaccine
                                    </li>
                                    
                                </ul>
                            
                        </td>
                    </tr>
                
                    <tr>
                        <td><code>212</code></td>
                        <td>
                            
                                <ul>
                                    <li>Default: COVID-19 vaccine, vector-nr, rS-Ad26, PF, 0.5 mL</li>
                                    
                                    <li>
                                        <code>en-AU</code>:
                                        Janssen COVID-19 Vaccine
                                    </li>
                                    
                                    <li>
                                        <code>en-US</code>:
                                        Janssen COVID-19 Vaccine
                                    </li>
                                    
                                </ul>
                            
                        </td>
                    </tr>
                
                    <tr>
                        <td><code>217</code></td>
                        <td>
                            
                                <ul>
                                    <li>Default: COVID-19, mRNA, LNP-S, PF, 30 mcg/0.3 mL dose, tris-sucrose</li>
                                    
                                    <li>
                                        <code>en-AU</code>:
                                        Pfizer (Comirnaty)
                                    </li>
                                    
                                    <li>
                                        <code>en-US</code>:
                                        Pfizer-BioNTech COVID-19 Vaccine
                                    </li>
                                    
                                </ul>
                            
                        </td>
                    </tr>
                
                    <tr>
                        <td><code>218</code></td>
                        <td>
                            
                                <ul>
                                    <li>Default: COVID-19, mRNA, LNP-S, PF, 10 mcg/0.2 mL dose, tris-sucrose</li>
                                    
                                    <li>
                                        <code>en-AU</code>:
                                        Pfizer (Comirnaty) - Child dose
                                    </li>
                                    
                                    <li>
                                        <code>en-US</code>:
                                        Pfizer-BioNTech COVID-19 Vaccine
                                    </li>
                                    
                                </ul>
                            
                        </td>
                    </tr>
                
                    <tr>
                        <td><code>219</code></td>
                        <td>
                            
                                <ul>
                                    <li>Default: COVID-19, mRNA, LNP-S, PF, 3 mcg/0.2 mL dose, tris-sucrose</li>
                                    
                                    <li>
                                        <code>en-US</code>:
                                        Pfizer-BioNTech COVID-19 Vaccine (EUA labeled) COMIRNATY (BLA labeled)
                                    </li>
                                    
                                </ul>
                            
                        </td>
                    </tr>
                
                    <tr>
                        <td><code>221</code></td>
                        <td>
                            
                                <ul>
                                    <li>Default: COVID-19, mRNA, LNP-S, PF, 50 mcg/0.5 mL dose</li>
                                    
                                    <li>
                                        <code>en-US</code>:
                                        Moderna COVID-19 Vaccine (non-US Spikevax)
                                    </li>
                                    
                                </ul>
                            
                        </td>
                    </tr>
                
                    <tr>
                        <td><code>225</code></td>
                        <td>
                            
                                <ul>
                                    <li>Default: COVID-19, D614, recomb, preS dTM, AS03 adjuvant add, PF, 5mcg/0.5mL</li>
                                    
                                    <li>
                                        <code>en-US</code>:
                                        Sanofi COVID-19 
                                    </li>
                                    
                                </ul>
                            
                        </td>
                    </tr>
                
                    <tr>
                        <td><code>226</code></td>
                        <td>
                            
                                <ul>
                                    <li>Default: COVID-19, D614, recomb, preS dTM, AS03 adjuvant add, PF, 10mcg/0.5mL</li>
                                    
                                    <li>
                                        <code>en-US</code>:
                                        Sanofi COVID-19 
                                    </li>
                                    
                                </ul>
                            
                        </td>
                    </tr>
                
                    <tr>
                        <td><code>227</code></td>
                        <td>
                            
                                <ul>
                                    <li>Default: COVID-19, mRNA, LNP-S, PF, pediatric 50 mcg/0.5 mL dose</li>
                                    
                                    <li>
                                        <code>en-US</code>:
                                        Moderna COVID-19 Vaccine (non-US Spikevax)
                                    </li>
                                    
                                </ul>
                            
                        </td>
                    </tr>
                
                    <tr>
                        <td><code>228</code></td>
                        <td>
                            
                                <ul>
                                    <li>Default: COVID-19, mRNA, LNP-S, PF, pediatric 25 mcg/0.25 mL dose</li>
                                    
                                    <li>
                                        <code>en-US</code>:
                                        Moderna COVID-19 Vaccine (non-US Spikevax)
                                    </li>
                                    
                                </ul>
                            
                        </td>
                    </tr>
                
                    <tr>
                        <td><code>229</code></td>
                        <td>
                            
                                <ul>
                                    <li>Default: COVID-19, mRNA, LNP-S, bivalent booster, PF, 50 mcg/0.5 mL or 25mcg/0.25 mL dose</li>
                                    
                                    <li>
                                        <code>en-US</code>:
                                        Moderna COVID-19 Vaccine (non-US Spikevax)
                                    </li>
                                    
                                </ul>
                            
                        </td>
                    </tr>
                
                    <tr>
                        <td><code>230</code></td>
                        <td>
                            
                                <ul>
                                    <li>Default: COVID-19, mRNA, LNP-S, bivalent booster, PF, 10 mcg/0.2 mL</li>
                                    
                                    <li>
                                        <code>en-US</code>:
                                        Moderna COVID-19 Bivalent, Original + BA.4/BA.5 (Non-US Tradename Spikevax Bivalent)
                                    </li>
                                    
                                </ul>
                            
                        </td>
                    </tr>
                
                    <tr>
                        <td><code>300</code></td>
                        <td>
                            
                                <ul>
                                    <li>Default: COVID-19, mRNA, LNP-S, bivalent booster, PF, 30 mcg/0.3 mL dose</li>
                                    
                                    <li>
                                        <code>en-US</code>:
                                        Pfizer-BioNTech COVID-19 Vaccine (EUA labeled)  COMIRNATY (BLA labeled)
                                    </li>
                                    
                                </ul>
                            
                        </td>
                    </tr>
                
                    <tr>
                        <td><code>301</code></td>
                        <td>
                            
                                <ul>
                                    <li>Default: COVID-19, mRNA, LNP-S, bivalent booster, PF, 10 mcg/0.2 mL dose</li>
                                    
                                    <li>
                                        <code>en-US</code>:
                                        Pfizer-BioNTech COVID-19 Vaccine (EUA labeled)  COMIRNATY (BLA labeled)
                                    </li>
                                    
                                </ul>
                            
                        </td>
                    </tr>
                
                    <tr>
                        <td><code>302</code></td>
                        <td>
                            
                                <ul>
                                    <li>Default: COVID-19, mRNA, LNP-S, bivalent, PF, 3 mcg/0.2 mL dose</li>
                                    
                                    <li>
                                        <code>en-US</code>:
                                        Pfizer-BioNTech COVID-19 Bivalent, Original + BA.4/BA.5 (Non-US Tradename COMIRNATY Bivalent)
                                    </li>
                                    
                                </ul>
                            
                        </td>
                    </tr>
                
                    <tr>
                        <td><code>501</code></td>
                        <td>
                            
                                <ul>
                                    <li>Default: COVID-19 IV Non-US Vaccine (QAZCOVID-IN)</li>
                                    
                                    <li>
                                        <code>en-US</code>:
                                        COVID-19 IV Non-US Vaccine (QAZCOVID-IN)
                                    </li>
                                    
                                </ul>
                            
                        </td>
                    </tr>
                
                    <tr>
                        <td><code>502</code></td>
                        <td>
                            
                                <ul>
                                    <li>Default: COVID-19 IV Non-US Vaccine (COVAXIN)</li>
                                    
                                    <li>
                                        <code>en-US</code>:
                                        COVAXIN (Bharat) COVID-19 Vaccine
                                    </li>
                                    
                                </ul>
                            
                        </td>
                    </tr>
                
                    <tr>
                        <td><code>503</code></td>
                        <td>
                            
                                <ul>
                                    <li>Default: COVID-19 LAV Non-US Vaccine (COVIVAC)</li>
                                    
                                    <li>
                                        <code>en-US</code>:
                                        COVID-19 LAV Non-US Vaccine (COVIVAC)
                                    </li>
                                    
                                </ul>
                            
                        </td>
                    </tr>
                
                    <tr>
                        <td><code>504</code></td>
                        <td>
                            
                                <ul>
                                    <li>Default: COVID-19 VVnr Non-US Vaccine (Sputnik Light)</li>
                                    
                                    <li>
                                        <code>en-US</code>:
                                        COVID-19 VVnr Non-US Vaccine (Sputnik Light)
                                    </li>
                                    
                                </ul>
                            
                        </td>
                    </tr>
                
                    <tr>
                        <td><code>505</code></td>
                        <td>
                            
                                <ul>
                                    <li>Default: COVID-19 VVnr Non-US Vaccine (Sputnik V)</li>
                                    
                                    <li>
                                        <code>en-US</code>:
                                        COVID-19 VVnr Non-US Vaccine (Sputnik V)
                                    </li>
                                    
                                </ul>
                            
                        </td>
                    </tr>
                
                    <tr>
                        <td><code>506</code></td>
                        <td>
                            
                                <ul>
                                    <li>Default: COVID-19 VVnr Non-US Vaccine (CanSino Biological Inc./Beijing Institute of Biotechnology</li>
                                    
                                    <li>
                                        <code>en-US</code>:
                                        COVID-19 VVnr Non-US Vaccine (CanSino Biological Inc./Beijing Institute of Biotechnology)
                                    </li>
                                    
                                </ul>
                            
                        </td>
                    </tr>
                
                    <tr>
                        <td><code>507</code></td>
                        <td>
                            
                                <ul>
                                    <li>Default: COVID-19 PS Non-US Vaccine (Anhui Zhifei Longcom Biopharm + Inst of Micro, Chinese Acad of Sciences)</li>
                                    
                                    <li>
                                        <code>en-US</code>:
                                        COVID-19 PS Non-US Vaccine (Anhui Zhifei Longcom Biopharm + Inst of Micro, Chinese Acad of Sciences)
                                    </li>
                                    
                                </ul>
                            
                        </td>
                    </tr>
                
                    <tr>
                        <td><code>508</code></td>
                        <td>
                            
                                <ul>
                                    <li>Default: COVID-19 PS Non-US Vaccine (Jiangsu Province Centers for Disease Control and Prevention)</li>
                                    
                                    <li>
                                        <code>en-US</code>:
                                        COVID-19 PS Non-US Vaccine (Jiangsu Province Centers for Disease Control and Prevention)
                                    </li>
                                    
                                </ul>
                            
                        </td>
                    </tr>
                
                    <tr>
                        <td><code>509</code></td>
                        <td>
                            
                                <ul>
                                    <li>Default: COVID-19 PS Non-US Vaccine (EpiVacCorona)</li>
                                    
                                    <li>
                                        <code>en-US</code>:
                                        COVID-19 PS Non-US Vaccine (EpiVacCorona)
                                    </li>
                                    
                                </ul>
                            
                        </td>
                    </tr>
                
                    <tr>
                        <td><code>510</code></td>
                        <td>
                            
                                <ul>
                                    <li>Default: COVID-19 IV Non-US Vaccine (BIBP, Sinopharm)</li>
                                    
                                    <li>
                                        <code>en-US</code>:
                                        Sinopharm (BIBP) COVID-19 Vaccine
                                    </li>
                                    
                                </ul>
                            
                        </td>
                    </tr>
                
                    <tr>
                        <td><code>511</code></td>
                        <td>
                            
                                <ul>
                                    <li>Default: COVID-19 IV Non-US Vaccine (CoronaVac, Sinovac)</li>
                                    
                                    <li>
                                        <code>en-US</code>:
                                        Coronavac (Sinovac) COVID-19 Vaccine
                                    </li>
                                    
                                </ul>
                            
                        </td>
                    </tr>
                
                    <tr>
                        <td><code>512</code></td>
                        <td>
                            
                                <ul>
                                    <li>Default: SARS-COV-2 COVID-19 VLP Non-US Vaccine (Medicago, Covifenz)</li>
                                    
                                    <li>
                                        <code>en-US</code>:
                                        Covifenz
                                    </li>
                                    
                                </ul>
                            
                        </td>
                    </tr>
                
                    <tr>
                        <td><code>513</code></td>
                        <td>
                            
                                <ul>
                                    <li>Default: SARS-COV-2 COVID-19 PS Non-US Vaccine (Anhui Zhifei Longcom, Zifivax)</li>
                                    
                                    <li>
                                        <code>en-US</code>:
                                        SARS-COV-2 COVID-19 PS Non-US Vaccine (Anhui Zhifei Longcom, Zifivax)
                                    </li>
                                    
                                </ul>
                            
                        </td>
                    </tr>
                
                    <tr>
                        <td><code>514</code></td>
                        <td>
                            
                                <ul>
                                    <li>Default: SARS-COV-2 COVID-19 DNA Non-US Vaccine (Zydus Cadila, ZyCoV-D)</li>
                                    
                                    <li>
                                        <code>en-US</code>:
                                        SARS-COV-2 COVID-19 DNA Non-US Vaccine (Zydus Cadila, ZyCoV-D)
                                    </li>
                                    
                                </ul>
                            
                        </td>
                    </tr>
                
                    <tr>
                        <td><code>515</code></td>
                        <td>
                            
                                <ul>
                                    <li>Default: SARS-COV-2 COVID-19 PS Non-US Vaccine (Medigen, MVC-COV1901)</li>
                                    
                                    <li>
                                        <code>en-US</code>:
                                        SARS-COV-2 COVID-19 PS Non-US Vaccine (Medigen, MVC-COV1901)
                                    </li>
                                    
                                </ul>
                            
                        </td>
                    </tr>
                
                    <tr>
                        <td><code>516</code></td>
                        <td>
                            
                                <ul>
                                    <li>Default: COV-2 COVID-19 Inactivated Non-US Vaccine Product (Minhai Biotechnology Co, KCONVAC)</li>
                                    
                                    <li>
                                        <code>en-US</code>:
                                        COV-2 COVID-19 Inactivated Non-US Vaccine Product (Minhai Biotechnology Co, KCONVAC)
                                    </li>
                                    
                                </ul>
                            
                        </td>
                    </tr>
                
                    <tr>
                        <td><code>517</code></td>
                        <td>
                            
                                <ul>
                                    <li>Default: SARS-COV-2 COVID-19 PS Non-US Vaccine (Biological E Limited, Corbevax)</li>
                                    
                                    <li>
                                        <code>en-US</code>:
                                        SARS-COV-2 COVID-19 PS Non-US Vaccine (Biological E Limited, Corbevax)
                                    </li>
                                    
                                </ul>
                            
                        </td>
                    </tr>
                
                    <tr>
                        <td><code>518</code></td>
                        <td>
                            
                                <ul>
                                    <li>Default: COVID-19 Inactivated, Non-US Vaccine (VLA2001, Valneva)</li>
                                    
                                    <li>
                                        <code>en-US</code>:
                                        COVID-19 Inactivated, Non-US Vaccine (VLA2001, Valneva)
                                    </li>
                                    
                                </ul>
                            
                        </td>
                    </tr>
                
                    <tr>
                        <td><code>519</code></td>
                        <td>
                            
                                <ul>
                                    <li>Default: COVID-19 mRNA, bivalent, original/Omicron BA.1, Non-US Vaccine (Spikevax Bivalent), Moderna</li>
                                    
                                    <li>
                                        <code>en-US</code>:
                                        Moderna COVID-19 Bivalent, Original + BA.1 (Non-US Tradename Spikevax Bivalent)
                                    </li>
                                    
                                </ul>
                            
                        </td>
                    </tr>
                
                    <tr>
                        <td><code>520</code></td>
                        <td>
                            
                                <ul>
                                    <li>Default: COVID-19 mRNA, bivalent, original/Omicron BA.1, Non-US Vaccine Product, Pfizer-BioNTech</li>
                                    
                                    <li>
                                        <code>en-US</code>:
                                        Pfizer COVID-19 Bivalent, Original + BA.1 (Non-US Tradename COMIRNATY Bivalent)
                                    </li>
                                    
                                </ul>
                            
                        </td>
                    </tr>
                
            </table>
        
            <p>
                The following codes from the <code><a href="http://hl7.org/fhir/R4/codesystem-snomedct.html">SNOMED CT (all versions)</a></code> code system are included:
            </p>
            <table class="table-striped table table-bordered">
                <tr>
                    <th>Code</th>
                    <th>Description(s)</th>
                </tr>
                
                    <tr>
                        <td><code>1031000172108</code></td>
                        <td>
                            
                                COVID-19 mRNA vaccine (BNT162b2) of Pfizer-BioNTech
                            
                        </td>
                    </tr>
                
                    <tr>
                        <td><code>10871000172106</code></td>
                        <td>
                            
                                COVID-19 mRNA vaccine (mRNA-1273) of Moderna
                            
                        </td>
                    </tr>
                
                    <tr>
                        <td><code>10891000172107</code></td>
                        <td>
                            
                                COVID-19 viral vector vaccine (AZD1222 (ChAdOx1-S recombinant)) of AstraZeneca, Oxford
                            
                        </td>
                    </tr>
                
                    <tr>
                        <td><code>10901000172106</code></td>
                        <td>
                            
                                COVID-19 viral vector vaccine (JNJ-78436735( Ad26.COV2-S recombinant)) of Johnson and Johnson, Janssens
                            
                        </td>
                    </tr>
                
                    <tr>
                        <td><code>125071000220108</code></td>
                        <td>
                            
                                COVID-19 mRNA Vaccine Pfizer-BioNTech 10 micrograms/dose concentrate for dispersion for injection
                            
                        </td>
                    </tr>
                
                    <tr>
                        <td><code>125081000220106</code></td>
                        <td>
                            
                                COVID-19 mRNA Vaccine Ready to Use Pfizer-BioNTech 30 micrograms/ 0.3 milliliter dose dispersion for injection
                            
                        </td>
                    </tr>
                
                    <tr>
                        <td><code>125091000220109</code></td>
                        <td>
                            
                                COVID-19 mRNA Ready to Use Adapted BA.1 Vaccine Pfizer-BioNTech 15 / 15 micrograms/ 0.3 milliliter dose dispersion for injection
                            
                        </td>
                    </tr>
                
                    <tr>
                        <td><code>125101000220104</code></td>
                        <td>
                            
                                COVID-19 mRNA Ready to Use Adapted BA.4 and BA.5 Vaccine Pfizer-BioNTech 15 / 15 micrograms/ 0.3 milliliter dose dispersion for injection
                            
                        </td>
                    </tr>
                
                    <tr>
                        <td><code>125111000220101</code></td>
                        <td>
                            
                                COVID-19 mRNA Adapted BA.1 Vaccine Moderna (50 micrograms/50 micrograms) / milliliter dispersion for injection
                            
                        </td>
                    </tr>
                
                    <tr>
                        <td><code>125121000220108</code></td>
                        <td>
                            
                                COVID-19 mRNA Adapted BA.4 nd BA.5 Vaccine Moderna (50 micrograms/50 micrograms) / milliliter dispersion for injection
                            
                        </td>
                    </tr>
                
                    <tr>
                        <td><code>1401000220108</code></td>
                        <td>
                            
                                COVID-19 Vaccine AstraZeneca 5 x10,000,000,000 viral particles/per 0.5ml dose for injection multidose vials
                            
                        </td>
                    </tr>
                
                    <tr>
                        <td><code>1411000220106</code></td>
                        <td>
                            
                                COVID-19 mRNA Vaccine Pfizer-BioNTech 30 micrograms per 0.3ml dose concentrate for suspension for injection multidose vials
                            
                        </td>
                    </tr>
                
                    <tr>
                        <td><code>1421000220104</code></td>
                        <td>
                            
                                COVID-19 mRNA Vaccine Moderna 0.1mg per 0.5mL dose dispersion for injection multidose vials
                            
                        </td>
                    </tr>
                
                    <tr>
                        <td><code>28571000087109</code></td>
                        <td>
                            
                                COVID-19 SPIKEVAX 0.20 mg/mL mRNA Mod
                            
                        </td>
                    </tr>
                
                    <tr>
                        <td><code>28581000087106</code></td>
                        <td>
                            
                                COVID-19 COMIRNATY 30 mcg/0.3 ml mRNA PB
                            
                        </td>
                    </tr>
                
                    <tr>
                        <td><code>28761000087108</code></td>
                        <td>
                            
                                COVID-19 VAXZEVRIA AZC
                            
                        </td>
                    </tr>
                
                    <tr>
                        <td><code>28951000087107</code></td>
                        <td>
                            
                                COVID-19 JANSSEN COVID-19 VACCINE Jan
                            
                        </td>
                    </tr>
                
                    <tr>
                        <td><code>28961000087105</code></td>
                        <td>
                            
                                COVID-19 COVISHIELD VP
                            
                        </td>
                    </tr>
                
                    <tr>
                        <td><code>29171000087106</code></td>
                        <td>
                            
                                COVID-19 NUVAXOVID NOV
                            
                        </td>
                    </tr>
                
                    <tr>
                        <td><code>30151000087105</code></td>
                        <td>
                            
                                COVID-19 COVIFENZ VLP MED
                            
                        </td>
                    </tr>
                
                    <tr>
                        <td><code>31301000087101</code></td>
                        <td>
                            
                                COVID-19 SINOPHARM-BIBP
                            
                        </td>
                    </tr>
                
                    <tr>
                        <td><code>31311000087104</code></td>
                        <td>
                            
                                COVID-19 CoronaVac
                            
                        </td>
                    </tr>
                
                    <tr>
                        <td><code>31341000087103</code></td>
                        <td>
                            
                                COVID-19 Sputnik V
                            
                        </td>
                    </tr>
                
                    <tr>
                        <td><code>31431000087100</code></td>
                        <td>
                            
                                COVID-19 Convidecia
                            
                        </td>
                    </tr>
                
                    <tr>
                        <td><code>33201000087108</code></td>
                        <td>
                            
                                COVID-19 SINOPHARM-WIBP
                            
                        </td>
                    </tr>
                
                    <tr>
                        <td><code>33211000087105</code></td>
                        <td>
                            
                                COVID-19 COVAXIN
                            
                        </td>
                    </tr>
                
                    <tr>
                        <td><code>33221000087102</code></td>
                        <td>
                            
                                COVID-19 mRNA CureVac
                            
                        </td>
                    </tr>
                
                    <tr>
                        <td><code>33361000087101</code></td>
                        <td>
                            
                                COVID-19 COMIRNATY pediatric 10 mcg/0.2 ml mRNA PB
                            
                        </td>
                    </tr>
                
                    <tr>
                        <td><code>33391000087109</code></td>
                        <td>
                            
                                COVID-19 Abdala
                            
                        </td>
                    </tr>
                
                    <tr>
                        <td><code>33401000087107</code></td>
                        <td>
                            
                                COVID-19 COVIran Barekat
                            
                        </td>
                    </tr>
                
                    <tr>
                        <td><code>33411000087109</code></td>
                        <td>
                            
                                COVID-19 CoviVac
                            
                        </td>
                    </tr>
                
                    <tr>
                        <td><code>33421000087101</code></td>
                        <td>
                            
                                COVID-19 EpiVacCorona
                            
                        </td>
                    </tr>
                
                    <tr>
                        <td><code>33431000087104</code></td>
                        <td>
                            
                                COVID-19 KCONVAC
                            
                        </td>
                    </tr>
                
                    <tr>
                        <td><code>33441000087105</code></td>
                        <td>
                            
                                COVID-19 Medgen-Dynavax-NIAID
                            
                        </td>
                    </tr>
                
                    <tr>
                        <td><code>33451000087108</code></td>
                        <td>
                            
                                COVID-19 QazCovid-in
                            
                        </td>
                    </tr>
                
                    <tr>
                        <td><code>33461000087106</code></td>
                        <td>
                            
                                COVID-19 Sputnik Light
                            
                        </td>
                    </tr>
                
                    <tr>
                        <td><code>33471000087102</code></td>
                        <td>
                            
                                COVID-19 ZIFIVAX
                            
                        </td>
                    </tr>
                
                    <tr>
                        <td><code>33581000087104</code></td>
                        <td>
                            
                                COVID-19 pediatric mRNA unspecified
                            
                        </td>
                    </tr>
                
                    <tr>
                        <td><code>33881000087102</code></td>
                        <td>
                            
                                COVID-19 COMIRNATY tris-sucrose 30 mcg/0.3 ml mRNA PB
                            
                        </td>
                    </tr>
                
                    <tr>
                        <td><code>34591000087100</code></td>
                        <td>
                            
                                COVID-19 Soberana 02
                            
                        </td>
                    </tr>
                
                    <tr>
                        <td><code>34601000087108</code></td>
                        <td>
                            
                                COVID-19 SpikoGen
                            
                        </td>
                    </tr>
                
                    <tr>
                        <td><code>34611000087105</code></td>
                        <td>
                            
                                COVID-19 COMIRNATY pediatric 3 mcg/0.2 ml mRNA PB
                            
                        </td>
                    </tr>
                
                    <tr>
                        <td><code>34921000087108</code></td>
                        <td>
                            
                                COVID-19 COVOVAX
                            
                        </td>
                    </tr>
                
                    <tr>
                        <td><code>35651000087105</code></td>
                        <td>
                            
                                COVID-19 SPIKEVAX 0.10 mg/mL mRNA Mod
                            
                        </td>
                    </tr>
                
                    <tr>
                        <td><code>37311000087109</code></td>
                        <td>
                            
                                COVID-19 SPIKEVAX Bivalent (Original / Omicron BA.1) 0.10 mg/mL mRNA Mod
                            
                        </td>
                    </tr>
                
                    <tr>
                        <td><code>37651000087101</code></td>
                        <td>
                            
                                COVID-19 SPIKEVAX Bivalent (Original / Omicron BA.4/BA.5) 0.10 mg/mL mRNA Mod
                            
                        </td>
                    </tr>
                
                    <tr>
                        <td><code>384671000221101</code></td>
                        <td>
                            
                                SINOPHARM - BIBP vacuna COVID-19 [SARS-COV-2 (células Vero) inactivado 1 dosis/0,5 ml] suspensión inyectable, vial de 0,5 ml (1 dosis), Sinopharm - Beijing Institute
                            
                        </td>
                    </tr>
                
                    <tr>
                        <td><code>399651000221108</code></td>
                        <td>
                            
                                vacuna COVID-19 virus entero inactivado 1 dosis/0,5 ml, suspensión inyectable, vial de 0,5 ml (1 dosis)
                            
                        </td>
                    </tr>
                
                    <tr>
                        <td><code>399661000221105</code></td>
                        <td>
                            
                                vacuna COVID-19 vector no replicante adenovirus de chimpancé 1 dosis/0,5 ml, solución inyectable, vial de 5 ml (10 dosis)
                            
                        </td>
                    </tr>
                
                    <tr>
                        <td><code>399681000221103</code></td>
                        <td>
                            
                                vacuna COVID-19 vector no replicante Adenovirus humano 5 1 dosis/0,5 ml, solución inyectable, vial de 3 ml (5 dosis)
                            
                        </td>
                    </tr>
                
                    <tr>
                        <td><code>399691000221100</code></td>
                        <td>
                            
                                vacuna COVID-19 vector no replicante Adenovirus humano 26 1 dosis/0,5 ml, solución inyectable, vial de 3 ml (5 dosis)
                            
                        </td>
                    </tr>
                
                    <tr>
                        <td><code>399701000221100</code></td>
                        <td>
                            
                                vacuna COVID-19 vector no replicante Adenovirus humano 26 1 dosis/0,5 ml, suspensión inyectable, vial de 3 ml (5 dosis)
                            
                        </td>
                    </tr>
                
                    <tr>
                        <td><code>399771000221108</code></td>
                        <td>
                            
                                COVISHIELD vacuna COVID-19 [ChAdOx1 SARS-CoV-2 S 1 dosis/0,5 ml] solución inyectable, vial de 5 ml (10 dosis), Serum Institute of India
                            
                        </td>
                    </tr>
                
                    <tr>
                        <td><code>399781000221106</code></td>
                        <td>
                            
                                VAXZEVRIA vacuna COVID-19 [ChAdOx1 SARS-CoV-2 S 1 dosis/0,5 ml] solución inyectable, vial de 5 ml (10 dosis), Astrazeneca
                            
                        </td>
                    </tr>
                
                    <tr>
                        <td><code>399801000221105</code></td>
                        <td>
                            
                                SPUTNIK V vacuna COVID-19 componente I [rAd 26 SARS-CoV-2 S 1 dosis/0,5 ml] solución inyectable, vial de 3 ml (5 dosis), Instituto Gamaleya
                            
                        </td>
                    </tr>
                
                    <tr>
                        <td><code>399811000221108</code></td>
                        <td>
                            
                                SPUTNIK V vacuna COVID-19 componente II [rAd 5 SARS-CoV-2 S 1 dosis/0,5 ml] solución inyectable, vial de 3 ml (5 dosis), Instituto Gamaleya
                            
                        </td>
                    </tr>
                
                    <tr>
                        <td><code>399821000221103</code></td>
                        <td>
                            
                                JANSSEN vacuna COVID-19 [rAd 26 SARS-CoV-2 S 1 dosis/0,5 ml] suspensión inyectable, vial de 3 ml (5 dosis), Janssen
                            
                        </td>
                    </tr>
                
                    <tr>
                        <td><code>399861000221106</code></td>
                        <td>
                            
                                vacuna COVID-19 ARNm 100 mcg/ml, suspensión inyectable, vial de 5,5 ml (10 dosis de 0,5 ml)
                            
                        </td>
                    </tr>
                
                    <tr>
                        <td><code>399871000221102</code></td>
                        <td>
                            
                                vacuna COVID-19 ARNm 100 mcg/ml, suspensión inyectable, vial de 7,5 ml (15 dosis de 0,5 ml)
                            
                        </td>
                    </tr>
                
                    <tr>
                        <td><code>399881000221104</code></td>
                        <td>
                            
                                vacuna COVID-19 ARNm 30 mcg/0,3 ml, suspensión inyectable, vial de 0,45 ml (6 dosis de 0,3 ml luego de dilución)
                            
                        </td>
                    </tr>
                
                    <tr>
                        <td><code>399891000221101</code></td>
                        <td>
                            
                                SPIKEVAX vacuna COVID-19 [SARS-CoV-2 S ARNm 100 mcg/0,5 ml] suspensión inyectable, vial de 5.5 ml (10 dosis), Moderna
                            
                        </td>
                    </tr>
                
                    <tr>
                        <td><code>399901000221102</code></td>
                        <td>
                            
                                SPIKEVAX vacuna COVID-19 [SARS-CoV-2 S ARNm 100 mcg/0,5 ml] suspensión inyectable, vial de 7,5 ml (15 dosis de 0,5 ml), Moderna
                            
                        </td>
                    </tr>
                
                    <tr>
                        <td><code>399911000221104</code></td>
                        <td>
                            
                                COMIRNATY vacuna COVID-19 [SARS-CoV-2 S ARNm 30 mcg/0,3 ml] suspensión inyectable, vial de 0,45 ml (6 dosis de 0,3 ml luego de dilución), Pfizer
                            
                        </td>
                    </tr>
                
                    <tr>
                        <td><code>424531000221101</code></td>
                        <td>
                            
                                vacuna COVID-19 virus entero inactivado 1 dosis/0,5 ml, suspensión inyectable
                            
                        </td>
                    </tr>
                
                    <tr>
                        <td><code>424541000221108</code></td>
                        <td>
                            
                                vacuna COVID-19 virus entero inactivado 1 dosis/0,5 ml, suspensión inyectable, vial de 1 ml (2 dosis)
                            
                        </td>
                    </tr>
                
                    <tr>
                        <td><code>424551000221105</code></td>
                        <td>
                            
                                SINOPHARM - BIBP vacuna COVID-19 [SARS-COV-2 (células Vero) inactivado 1 dosis/0,5 ml] suspensión inyectable, vial de 1 ml (2 dosis), Sinopharm - Beijing Institute
                            
                        </td>
                    </tr>
                
                    <tr>
                        <td><code>424561000221107</code></td>
                        <td>
                            
                                vacuna COVID-19 vector no replicante adenovirus de chimpancé 1 dosis/0,5 ml, solución inyectable
                            
                        </td>
                    </tr>
                
                    <tr>
                        <td><code>424571000221103</code></td>
                        <td>
                            
                                VAXZEVRIA vacuna COVID-19 vector viral no replicante
                            
                        </td>
                    </tr>
                
                    <tr>
                        <td><code>424581000221100</code></td>
                        <td>
                            
                                COVISHIELD vacuna COVID-19 vector viral no replicante
                            
                        </td>
                    </tr>
                
                    <tr>
                        <td><code>424591000221102</code></td>
                        <td>
                            
                                JANSSEN vacuna COVID-19 vector viral no replicante
                            
                        </td>
                    </tr>
                
                    <tr>
                        <td><code>424601000221107</code></td>
                        <td>
                            
                                vacuna COVID-19 vector no replicante Adenovirus humano 26 1 dosis/0,5 ml, suspensión inyectable
                            
                        </td>
                    </tr>
                
                    <tr>
                        <td><code>424611000221105</code></td>
                        <td>
                            
                                vacuna COVID-19 vector no replicante Adenovirus humano 26 1 dosis/0,5 ml, solución inyectable, vial de 0,5 ml (1 dosis)
                            
                        </td>
                    </tr>
                
                    <tr>
                        <td><code>424621000221100</code></td>
                        <td>
                            
                                vacuna COVID-19 vector no replicante Adenovirus humano 26 1 dosis/0,5 ml, solución inyectable, vial de 1 ml (2 dosis)
                            
                        </td>
                    </tr>
                
                    <tr>
                        <td><code>424631000221102</code></td>
                        <td>
                            
                                vacuna COVID-19 vector no replicante Adenovirus humano 26 1 dosis/0,5 ml, solución inyectable
                            
                        </td>
                    </tr>
                
                    <tr>
                        <td><code>424641000221109</code></td>
                        <td>
                            
                                SPUTNIK V vacuna COVID-19 componente I [rAd 26 SARS-CoV-2 S 1 dosis/0,5 ml] solución inyectable, vial de 0,5 ml (1 dosis), Instituto Gamaleya
                            
                        </td>
                    </tr>
                
                    <tr>
                        <td><code>424651000221106</code></td>
                        <td>
                            
                                SPUTNIK V vacuna COVID-19 componente I [rAd 26 SARS-CoV-2 S 1 dosis/0,5 ml] solución inyectable, vial de 1 ml (2 dosis), Instituto Gamaleya
                            
                        </td>
                    </tr>
                
                    <tr>
                        <td><code>424661000221108</code></td>
                        <td>
                            
                                SPUTNIK V vacuna COVID-19 componente II [rAd 5 SARS-CoV-2 S 1 dosis/0,5 ml] solución inyectable, vial de 1 ml (2 dosis), Instituto Gamaleya
                            
                        </td>
                    </tr>
                
                    <tr>
                        <td><code>424671000221104</code></td>
                        <td>
                            
                                SPUTNIK V vacuna COVID-19 componente II [rAd 5 SARS-CoV-2 S 1 dosis/0,5 ml] solución inyectable, vial de 0,5 ml (1 dosis), Instituto Gamaleya
                            
                        </td>
                    </tr>
                
                    <tr>
                        <td><code>424681000221101</code></td>
                        <td>
                            
                                vacuna COVID-19 vector no replicante Adenovirus humano 5 1 dosis/0,5 ml, solución inyectable, vial de 1 ml (2 dosis)
                            
                        </td>
                    </tr>
                
                    <tr>
                        <td><code>424691000221103</code></td>
                        <td>
                            
                                vacuna COVID-19 vector no replicante Adenovirus humano 5 1 dosis/0,5 ml, solución inyectable, vial de 0,5 ml (1 dosis)
                            
                        </td>
                    </tr>
                
                    <tr>
                        <td><code>424701000221103</code></td>
                        <td>
                            
                                vacuna COVID-19 vector no replicante Adenovirus humano 5 1 dosis/0,5 ml, solución inyectable
                            
                        </td>
                    </tr>
                
                    <tr>
                        <td><code>424711000221100</code></td>
                        <td>
                            
                                SPUTNIK V vacuna COVID-19 vector viral no replicante
                            
                        </td>
                    </tr>
                
                    <tr>
                        <td><code>424721000221105</code></td>
                        <td>
                            
                                vacuna COVID-19 ARNm 100 mcg/0,5 ml, suspensión inyectable
                            
                        </td>
                    </tr>
                
                    <tr>
                        <td><code>424731000221108</code></td>
                        <td>
                            
                                SPIKEVAX vacuna COVID-19 ARNm
                            
                        </td>
                    </tr>
                
                    <tr>
                        <td><code>424741000221101</code></td>
                        <td>
                            
                                vacuna COVID-19 ARNm 30 mcg/0,3 ml, suspensión inyectable
                            
                        </td>
                    </tr>
                
                    <tr>
                        <td><code>424751000221104</code></td>
                        <td>
                            
                                COMIRNATY vacuna COVID-19 ARNm
                            
                        </td>
                    </tr>
                
                    <tr>
                        <td><code>424781000221109</code></td>
                        <td>
                            
                                CONVIDECIA vacuna COVID-19 [rAd 5 SARS-CoV-2 S 1 dosis/0,5 ml] solución inyectable, vial de 0,5 ml, (1 dosis), Cansino
                            
                        </td>
                    </tr>
                
                    <tr>
                        <td><code>424791000221107</code></td>
                        <td>
                            
                                CONVIDECIA vacuna COVID-19 [rAd 5 SARS-CoV-2 S 1 dosis/0,5 ml] solución inyectable, vial de 1,5 ml (3 dosis), Cansino
                            
                        </td>
                    </tr>
                
                    <tr>
                        <td><code>424801000221108</code></td>
                        <td>
                            
                                vacuna COVID-19 vector no replicante Adenovirus humano 5 1 dosis/0,5 ml, solución inyectable, vial de 1,5 ml (3 dosis)
                            
                        </td>
                    </tr>
                
                    <tr>
                        <td><code>424821000221101</code></td>
                        <td>
                            
                                SPUTNIK LIGTH vacuna COVID-19 vector viral no replicante
                            
                        </td>
                    </tr>
                
                    <tr>
                        <td><code>424831000221103</code></td>
                        <td>
                            
                                NOVAVAX vacuna COVID-19 proteína de espiga recombinante
                            
                        </td>
                    </tr>
                
                    <tr>
                        <td><code>424971000221108</code></td>
                        <td>
                            
                                ZYDUS CADILA vacuna COVID-19 ADN
                            
                        </td>
                    </tr>
                
                    <tr>
                        <td><code>425001000221100</code></td>
                        <td>
                            
                                SPUTNIK V componente I vacuna COVID-19 vector viral no replicante rAd 26
                            
                        </td>
                    </tr>
                
                    <tr>
                        <td><code>425011000221102</code></td>
                        <td>
                            
                                SPUTNIK V componente II vacuna COVID-19 vector viral no replicante rAd 5
                            
                        </td>
                    </tr>
                
                    <tr>
                        <td><code>425031000221105</code></td>
                        <td>
                            
                                VAXZEVRIA vacuna COVID-19 [ChAdOx1 SARS-CoV-2 S 1 dosis/0,5 ml] solución inyectable, vial de 4 ml (8 dosis), Astrazeneca
                            
                        </td>
                    </tr>
                
                    <tr>
                        <td><code>425051000221101</code></td>
                        <td>
                            
                                vacuna que contiene vector adenovirus de chimpancé no replicante que codifica proteína de espiga de SARS-CoV-2 1 dosis/0,5 ml, solución inyectable, vial de 4 ml (8 dosis)
                            
                        </td>
                    </tr>
                
                    <tr>
                        <td><code>62051000220105</code></td>
                        <td>
                            
                                Janssen COVID-19 Vaccine 0.5 millilitre suspension injection Janssen Inc
                            
                        </td>
                    </tr>
                
            </table>
        
</div></text><url value="https://terminology.smarthealth.cards/ValueSet/immunization-covid-all"/><version value="20230601"/><name value="ImmunizationCovidAllValueSet"/><title value="Immunization / COVID / All codes"/><status value="active"/><date value="2023-06-01"/><publisher value="VCI"/><contact><name value="VCI"/><telecom><system value="url"/><value value="https://vci.org"/></telecom></contact><description value="A list of all immunization codes for COVID, combining the following ValueSets: &lt;a href=&quot;ValueSet-immunization-covid-cvx.html&quot;&gt;ValueSet-immunization-covid-cvx.json&lt;/a&gt;; &lt;a href=&quot;ValueSet-immunization-covid-snomed.html&quot;&gt;ValueSet-immunization-covid-snomed.json&lt;/a&gt;"/><copyright value="Please see the following links for the copyright/legal information for each code system included here: &lt;a href=&quot;ValueSet-immunization-covid-cvx.html&quot;&gt;ValueSet-immunization-covid-cvx.json&lt;/a&gt;; &lt;a href=&quot;ValueSet-immunization-covid-snomed.html&quot;&gt;ValueSet-immunization-covid-snomed.json&lt;/a&gt;"/><compose><include><system value="http://hl7.org/fhir/sid/cvx"/><concept><code value="207"/><display value="COVID-19, mRNA, LNP-S, PF, 100 mcg/0.5mL dose or 50 mcg/0.25mL dose"/><designation><language value="en-AU"/><use><system value="https://terminology.smarthealth.cards/CodeSystem/designation-use"/></use><value value="Moderna (Spikevax)"/></designation><designation><language value="en-US"/><use><system value="https://terminology.smarthealth.cards/CodeSystem/designation-use"/></use><value value="Moderna COVID-19 Vaccine"/></designation></concept><concept><code value="208"/><display value="COVID-19, mRNA, LNP-S, PF, 30 mcg/0.3 mL dose"/><designation><language value="en-AU"/><use><system value="https://terminology.smarthealth.cards/CodeSystem/designation-use"/></use><value value="Pfizer (Comirnaty)"/></designation><designation><language value="en-US"/><use><system value="https://terminology.smarthealth.cards/CodeSystem/designation-use"/></use><value value="Pfizer-BioNTech COVID-19 Vaccine"/></designation><designation><language value="en-NZ"/><use><system value="https://terminology.smarthealth.cards/CodeSystem/designation-use"/></use><value value="Pfizer-BioNTech COVID-19 Vaccine"/></designation></concept><concept><code value="210"/><display value="COVID-19 vaccine, vector-nr, rS-ChAdOx1, PF, 0.5 mL "/><designation><language value="en-AU"/><use><system value="https://terminology.smarthealth.cards/CodeSystem/designation-use"/></use><value value="AstraZeneca (Vaxzevria)"/></designation><designation><language value="en-US"/><use><system value="https://terminology.smarthealth.cards/CodeSystem/designation-use"/></use><value value="AstraZeneca COVID-19 Vaccine"/></designation></concept><concept><code value="211"/><display value="COVID-19, subunit, rS-nanoparticle+Matrix-M1 Adjuvant, PF, 0.5 mL"/><designation><language value="en-US"/><use><system value="https://terminology.smarthealth.cards/CodeSystem/designation-use"/></use><value value="Novavax COVID-19 Vaccine"/></designation></concept><concept><code value="212"/><display value="COVID-19 vaccine, vector-nr, rS-Ad26, PF, 0.5 mL"/><designation><language value="en-AU"/><use><system value="https://terminology.smarthealth.cards/CodeSystem/designation-use"/></use><value value="Janssen COVID-19 Vaccine"/></designation><designation><language value="en-US"/><use><system value="https://terminology.smarthealth.cards/CodeSystem/designation-use"/></use><value value="Janssen COVID-19 Vaccine"/></designation></concept><concept><code value="217"/><display value="COVID-19, mRNA, LNP-S, PF, 30 mcg/0.3 mL dose, tris-sucrose"/><designation><language value="en-AU"/><use><system value="https://terminology.smarthealth.cards/CodeSystem/designation-use"/></use><value value="Pfizer (Comirnaty)"/></designation><designation><language value="en-US"/><use><system value="https://terminology.smarthealth.cards/CodeSystem/designation-use"/></use><value value="Pfizer-BioNTech COVID-19 Vaccine"/></designation></concept><concept><code value="218"/><display value="COVID-19, mRNA, LNP-S, PF, 10 mcg/0.2 mL dose, tris-sucrose"/><designation><language value="en-AU"/><use><system value="https://terminology.smarthealth.cards/CodeSystem/designation-use"/></use><value value="Pfizer (Comirnaty) - Child dose"/></designation><designation><language value="en-US"/><use><system value="https://terminology.smarthealth.cards/CodeSystem/designation-use"/></use><value value="Pfizer-BioNTech COVID-19 Vaccine"/></designation></concept><concept><code value="219"/><display value="COVID-19, mRNA, LNP-S, PF, 3 mcg/0.2 mL dose, tris-sucrose"/><designation><language value="en-US"/><use><system value="https://terminology.smarthealth.cards/CodeSystem/designation-use"/></use><value value="Pfizer-BioNTech COVID-19 Vaccine (EUA labeled) COMIRNATY (BLA labeled)"/></designation></concept><concept><code value="221"/><display value="COVID-19, mRNA, LNP-S, PF, 50 mcg/0.5 mL dose"/><designation><language value="en-US"/><use><system value="https://terminology.smarthealth.cards/CodeSystem/designation-use"/></use><value value="Moderna COVID-19 Vaccine (non-US Spikevax)"/></designation></concept><concept><code value="225"/><display value="COVID-19, D614, recomb, preS dTM, AS03 adjuvant add, PF, 5mcg/0.5mL"/><designation><language value="en-US"/><use><system value="https://terminology.smarthealth.cards/CodeSystem/designation-use"/></use><value value="Sanofi COVID-19 "/></designation></concept><concept><code value="226"/><display value="COVID-19, D614, recomb, preS dTM, AS03 adjuvant add, PF, 10mcg/0.5mL"/><designation><language value="en-US"/><use><system value="https://terminology.smarthealth.cards/CodeSystem/designation-use"/></use><value value="Sanofi COVID-19 "/></designation></concept><concept><code value="227"/><display value="COVID-19, mRNA, LNP-S, PF, pediatric 50 mcg/0.5 mL dose"/><designation><language value="en-US"/><use><system value="https://terminology.smarthealth.cards/CodeSystem/designation-use"/></use><value value="Moderna COVID-19 Vaccine (non-US Spikevax)"/></designation></concept><concept><code value="228"/><display value="COVID-19, mRNA, LNP-S, PF, pediatric 25 mcg/0.25 mL dose"/><designation><language value="en-US"/><use><system value="https://terminology.smarthealth.cards/CodeSystem/designation-use"/></use><value value="Moderna COVID-19 Vaccine (non-US Spikevax)"/></designation></concept><concept><code value="229"/><display value="COVID-19, mRNA, LNP-S, bivalent booster, PF, 50 mcg/0.5 mL or 25mcg/0.25 mL dose"/><designation><language value="en-US"/><use><system value="https://terminology.smarthealth.cards/CodeSystem/designation-use"/></use><value value="Moderna COVID-19 Vaccine (non-US Spikevax)"/></designation></concept><concept><code value="230"/><display value="COVID-19, mRNA, LNP-S, bivalent booster, PF, 10 mcg/0.2 mL"/><designation><language value="en-US"/><use><system value="https://terminology.smarthealth.cards/CodeSystem/designation-use"/></use><value value="Moderna COVID-19 Bivalent, Original + BA.4/BA.5 (Non-US Tradename Spikevax Bivalent)"/></designation></concept><concept><code value="300"/><display value="COVID-19, mRNA, LNP-S, bivalent booster, PF, 30 mcg/0.3 mL dose"/><designation><language value="en-US"/><use><system value="https://terminology.smarthealth.cards/CodeSystem/designation-use"/></use><value value="Pfizer-BioNTech COVID-19 Vaccine (EUA labeled)  COMIRNATY (BLA labeled)"/></designation></concept><concept><code value="301"/><display value="COVID-19, mRNA, LNP-S, bivalent booster, PF, 10 mcg/0.2 mL dose"/><designation><language value="en-US"/><use><system value="https://terminology.smarthealth.cards/CodeSystem/designation-use"/></use><value value="Pfizer-BioNTech COVID-19 Vaccine (EUA labeled)  COMIRNATY (BLA labeled)"/></designation></concept><concept><code value="302"/><display value="COVID-19, mRNA, LNP-S, bivalent, PF, 3 mcg/0.2 mL dose"/><designation><language value="en-US"/><use><system value="https://terminology.smarthealth.cards/CodeSystem/designation-use"/></use><value value="Pfizer-BioNTech COVID-19 Bivalent, Original + BA.4/BA.5 (Non-US Tradename COMIRNATY Bivalent)"/></designation></concept><concept><code value="501"/><display value="COVID-19 IV Non-US Vaccine (QAZCOVID-IN)"/><designation><language value="en-US"/><use><system value="https://terminology.smarthealth.cards/CodeSystem/designation-use"/></use><value value="COVID-19 IV Non-US Vaccine (QAZCOVID-IN)"/></designation></concept><concept><code value="502"/><display value="COVID-19 IV Non-US Vaccine (COVAXIN)"/><designation><language value="en-US"/><use><system value="https://terminology.smarthealth.cards/CodeSystem/designation-use"/></use><value value="COVAXIN (Bharat) COVID-19 Vaccine"/></designation></concept><concept><code value="503"/><display value="COVID-19 LAV Non-US Vaccine (COVIVAC)"/><designation><language value="en-US"/><use><system value="https://terminology.smarthealth.cards/CodeSystem/designation-use"/></use><value value="COVID-19 LAV Non-US Vaccine (COVIVAC)"/></designation></concept><concept><code value="504"/><display value="COVID-19 VVnr Non-US Vaccine (Sputnik Light)"/><designation><language value="en-US"/><use><system value="https://terminology.smarthealth.cards/CodeSystem/designation-use"/></use><value value="COVID-19 VVnr Non-US Vaccine (Sputnik Light)"/></designation></concept><concept><code value="505"/><display value="COVID-19 VVnr Non-US Vaccine (Sputnik V)"/><designation><language value="en-US"/><use><system value="https://terminology.smarthealth.cards/CodeSystem/designation-use"/></use><value value="COVID-19 VVnr Non-US Vaccine (Sputnik V)"/></designation></concept><concept><code value="506"/><display value="COVID-19 VVnr Non-US Vaccine (CanSino Biological Inc./Beijing Institute of Biotechnology"/><designation><language value="en-US"/><use><system value="https://terminology.smarthealth.cards/CodeSystem/designation-use"/></use><value value="COVID-19 VVnr Non-US Vaccine (CanSino Biological Inc./Beijing Institute of Biotechnology)"/></designation></concept><concept><code value="507"/><display value="COVID-19 PS Non-US Vaccine (Anhui Zhifei Longcom Biopharm + Inst of Micro, Chinese Acad of Sciences)"/><designation><language value="en-US"/><use><system value="https://terminology.smarthealth.cards/CodeSystem/designation-use"/></use><value value="COVID-19 PS Non-US Vaccine (Anhui Zhifei Longcom Biopharm + Inst of Micro, Chinese Acad of Sciences)"/></designation></concept><concept><code value="508"/><display value="COVID-19 PS Non-US Vaccine (Jiangsu Province Centers for Disease Control and Prevention)"/><designation><language value="en-US"/><use><system value="https://terminology.smarthealth.cards/CodeSystem/designation-use"/></use><value value="COVID-19 PS Non-US Vaccine (Jiangsu Province Centers for Disease Control and Prevention)"/></designation></concept><concept><code value="509"/><display value="COVID-19 PS Non-US Vaccine (EpiVacCorona)"/><designation><language value="en-US"/><use><system value="https://terminology.smarthealth.cards/CodeSystem/designation-use"/></use><value value="COVID-19 PS Non-US Vaccine (EpiVacCorona)"/></designation></concept><concept><code value="510"/><display value="COVID-19 IV Non-US Vaccine (BIBP, Sinopharm)"/><designation><language value="en-US"/><use><system value="https://terminology.smarthealth.cards/CodeSystem/designation-use"/></use><value value="Sinopharm (BIBP) COVID-19 Vaccine"/></designation></concept><concept><code value="511"/><display value="COVID-19 IV Non-US Vaccine (CoronaVac, Sinovac)"/><designation><language value="en-US"/><use><system value="https://terminology.smarthealth.cards/CodeSystem/designation-use"/></use><value value="Coronavac (Sinovac) COVID-19 Vaccine"/></designation></concept><concept><code value="512"/><display value="SARS-COV-2 COVID-19 VLP Non-US Vaccine (Medicago, Covifenz)"/><designation><language value="en-US"/><use><system value="https://terminology.smarthealth.cards/CodeSystem/designation-use"/></use><value value="Covifenz"/></designation></concept><concept><code value="513"/><display value="SARS-COV-2 COVID-19 PS Non-US Vaccine (Anhui Zhifei Longcom, Zifivax)"/><designation><language value="en-US"/><use><system value="https://terminology.smarthealth.cards/CodeSystem/designation-use"/></use><value value="SARS-COV-2 COVID-19 PS Non-US Vaccine (Anhui Zhifei Longcom, Zifivax)"/></designation></concept><concept><code value="514"/><display value="SARS-COV-2 COVID-19 DNA Non-US Vaccine (Zydus Cadila, ZyCoV-D)"/><designation><language value="en-US"/><use><system value="https://terminology.smarthealth.cards/CodeSystem/designation-use"/></use><value value="SARS-COV-2 COVID-19 DNA Non-US Vaccine (Zydus Cadila, ZyCoV-D)"/></designation></concept><concept><code value="515"/><display value="SARS-COV-2 COVID-19 PS Non-US Vaccine (Medigen, MVC-COV1901)"/><designation><language value="en-US"/><use><system value="https://terminology.smarthealth.cards/CodeSystem/designation-use"/></use><value value="SARS-COV-2 COVID-19 PS Non-US Vaccine (Medigen, MVC-COV1901)"/></designation></concept><concept><code value="516"/><display value="COV-2 COVID-19 Inactivated Non-US Vaccine Product (Minhai Biotechnology Co, KCONVAC)"/><designation><language value="en-US"/><use><system value="https://terminology.smarthealth.cards/CodeSystem/designation-use"/></use><value value="COV-2 COVID-19 Inactivated Non-US Vaccine Product (Minhai Biotechnology Co, KCONVAC)"/></designation></concept><concept><code value="517"/><display value="SARS-COV-2 COVID-19 PS Non-US Vaccine (Biological E Limited, Corbevax)"/><designation><language value="en-US"/><use><system value="https://terminology.smarthealth.cards/CodeSystem/designation-use"/></use><value value="SARS-COV-2 COVID-19 PS Non-US Vaccine (Biological E Limited, Corbevax)"/></designation></concept><concept><code value="518"/><display value="COVID-19 Inactivated, Non-US Vaccine (VLA2001, Valneva)"/><designation><language value="en-US"/><use><system value="https://terminology.smarthealth.cards/CodeSystem/designation-use"/></use><value value="COVID-19 Inactivated, Non-US Vaccine (VLA2001, Valneva)"/></designation></concept><concept><code value="519"/><display value="COVID-19 mRNA, bivalent, original/Omicron BA.1, Non-US Vaccine (Spikevax Bivalent), Moderna"/><designation><language value="en-US"/><use><system value="https://terminology.smarthealth.cards/CodeSystem/designation-use"/></use><value value="Moderna COVID-19 Bivalent, Original + BA.1 (Non-US Tradename Spikevax Bivalent)"/></designation></concept><concept><code value="520"/><display value="COVID-19 mRNA, bivalent, original/Omicron BA.1, Non-US Vaccine Product, Pfizer-BioNTech"/><designation><language value="en-US"/><use><system value="https://terminology.smarthealth.cards/CodeSystem/designation-use"/></use><value value="Pfizer COVID-19 Bivalent, Original + BA.1 (Non-US Tradename COMIRNATY Bivalent)"/></designation></concept></include><include><system value="http://snomed.info/sct"/><concept><code value="1031000172108"/><display value="COVID-19 mRNA vaccine (BNT162b2) of Pfizer-BioNTech"/></concept><concept><code value="10871000172106"/><display value="COVID-19 mRNA vaccine (mRNA-1273) of Moderna"/></concept><concept><code value="10891000172107"/><display value="COVID-19 viral vector vaccine (AZD1222 (ChAdOx1-S recombinant)) of AstraZeneca, Oxford"/></concept><concept><code value="10901000172106"/><display value="COVID-19 viral vector vaccine (JNJ-78436735( Ad26.COV2-S recombinant)) of Johnson and Johnson, Janssens"/></concept><concept><code value="125071000220108"/><display value="COVID-19 mRNA Vaccine Pfizer-BioNTech 10 micrograms/dose concentrate for dispersion for injection"/></concept><concept><code value="125081000220106"/><display value="COVID-19 mRNA Vaccine Ready to Use Pfizer-BioNTech 30 micrograms/ 0.3 milliliter dose dispersion for injection"/></concept><concept><code value="125091000220109"/><display value="COVID-19 mRNA Ready to Use Adapted BA.1 Vaccine Pfizer-BioNTech 15 / 15 micrograms/ 0.3 milliliter dose dispersion for injection"/></concept><concept><code value="125101000220104"/><display value="COVID-19 mRNA Ready to Use Adapted BA.4 and BA.5 Vaccine Pfizer-BioNTech 15 / 15 micrograms/ 0.3 milliliter dose dispersion for injection"/></concept><concept><code value="125111000220101"/><display value="COVID-19 mRNA Adapted BA.1 Vaccine Moderna (50 micrograms/50 micrograms) / milliliter dispersion for injection"/></concept><concept><code value="125121000220108"/><display value="COVID-19 mRNA Adapted BA.4 nd BA.5 Vaccine Moderna (50 micrograms/50 micrograms) / milliliter dispersion for injection"/></concept><concept><code value="1401000220108"/><display value="COVID-19 Vaccine AstraZeneca 5 x10,000,000,000 viral particles/per 0.5ml dose for injection multidose vials"/></concept><concept><code value="1411000220106"/><display value="COVID-19 mRNA Vaccine Pfizer-BioNTech 30 micrograms per 0.3ml dose concentrate for suspension for injection multidose vials"/></concept><concept><code value="1421000220104"/><display value="COVID-19 mRNA Vaccine Moderna 0.1mg per 0.5mL dose dispersion for injection multidose vials"/></concept><concept><code value="28571000087109"/><display value="COVID-19 SPIKEVAX 0.20 mg/mL mRNA Mod"/></concept><concept><code value="28581000087106"/><display value="COVID-19 COMIRNATY 30 mcg/0.3 ml mRNA PB"/></concept><concept><code value="28761000087108"/><display value="COVID-19 VAXZEVRIA AZC"/></concept><concept><code value="28951000087107"/><display value="COVID-19 JANSSEN COVID-19 VACCINE Jan"/></concept><concept><code value="28961000087105"/><display value="COVID-19 COVISHIELD VP"/></concept><concept><code value="29171000087106"/><display value="COVID-19 NUVAXOVID NOV"/></concept><concept><code value="30151000087105"/><display value="COVID-19 COVIFENZ VLP MED"/></concept><concept><code value="31301000087101"/><display value="COVID-19 SINOPHARM-BIBP"/></concept><concept><code value="31311000087104"/><display value="COVID-19 CoronaVac"/></concept><concept><code value="31341000087103"/><display value="COVID-19 Sputnik V"/></concept><concept><code value="31431000087100"/><display value="COVID-19 Convidecia"/></concept><concept><code value="33201000087108"/><display value="COVID-19 SINOPHARM-WIBP"/></concept><concept><code value="33211000087105"/><display value="COVID-19 COVAXIN"/></concept><concept><code value="33221000087102"/><display value="COVID-19 mRNA CureVac"/></concept><concept><code value="33361000087101"/><display value="COVID-19 COMIRNATY pediatric 10 mcg/0.2 ml mRNA PB"/></concept><concept><code value="33391000087109"/><display value="COVID-19 Abdala"/></concept><concept><code value="33401000087107"/><display value="COVID-19 COVIran Barekat"/></concept><concept><code value="33411000087109"/><display value="COVID-19 CoviVac"/></concept><concept><code value="33421000087101"/><display value="COVID-19 EpiVacCorona"/></concept><concept><code value="33431000087104"/><display value="COVID-19 KCONVAC"/></concept><concept><code value="33441000087105"/><display value="COVID-19 Medgen-Dynavax-NIAID"/></concept><concept><code value="33451000087108"/><display value="COVID-19 QazCovid-in"/></concept><concept><code value="33461000087106"/><display value="COVID-19 Sputnik Light"/></concept><concept><code value="33471000087102"/><display value="COVID-19 ZIFIVAX"/></concept><concept><code value="33581000087104"/><display value="COVID-19 pediatric mRNA unspecified"/></concept><concept><code value="33881000087102"/><display value="COVID-19 COMIRNATY tris-sucrose 30 mcg/0.3 ml mRNA PB"/></concept><concept><code value="34591000087100"/><display value="COVID-19 Soberana 02"/></concept><concept><code value="34601000087108"/><display value="COVID-19 SpikoGen"/></concept><concept><code value="34611000087105"/><display value="COVID-19 COMIRNATY pediatric 3 mcg/0.2 ml mRNA PB"/></concept><concept><code value="34921000087108"/><display value="COVID-19 COVOVAX"/></concept><concept><code value="35651000087105"/><display value="COVID-19 SPIKEVAX 0.10 mg/mL mRNA Mod"/></concept><concept><code value="37311000087109"/><display value="COVID-19 SPIKEVAX Bivalent (Original / Omicron BA.1) 0.10 mg/mL mRNA Mod"/></concept><concept><code value="37651000087101"/><display value="COVID-19 SPIKEVAX Bivalent (Original / Omicron BA.4/BA.5) 0.10 mg/mL mRNA Mod"/></concept><concept><code value="384671000221101"/><display value="SINOPHARM - BIBP vacuna COVID-19 [SARS-COV-2 (células Vero) inactivado 1 dosis/0,5 ml] suspensión inyectable, vial de 0,5 ml (1 dosis), Sinopharm - Beijing Institute"/></concept><concept><code value="399651000221108"/><display value="vacuna COVID-19 virus entero inactivado 1 dosis/0,5 ml, suspensión inyectable, vial de 0,5 ml (1 dosis)"/></concept><concept><code value="399661000221105"/><display value="vacuna COVID-19 vector no replicante adenovirus de chimpancé 1 dosis/0,5 ml, solución inyectable, vial de 5 ml (10 dosis)"/></concept><concept><code value="399681000221103"/><display value="vacuna COVID-19 vector no replicante Adenovirus humano 5 1 dosis/0,5 ml, solución inyectable, vial de 3 ml (5 dosis)"/></concept><concept><code value="399691000221100"/><display value="vacuna COVID-19 vector no replicante Adenovirus humano 26 1 dosis/0,5 ml, solución inyectable, vial de 3 ml (5 dosis)"/></concept><concept><code value="399701000221100"/><display value="vacuna COVID-19 vector no replicante Adenovirus humano 26 1 dosis/0,5 ml, suspensión inyectable, vial de 3 ml (5 dosis)"/></concept><concept><code value="399771000221108"/><display value="COVISHIELD vacuna COVID-19 [ChAdOx1 SARS-CoV-2 S 1 dosis/0,5 ml] solución inyectable, vial de 5 ml (10 dosis), Serum Institute of India"/></concept><concept><code value="399781000221106"/><display value="VAXZEVRIA vacuna COVID-19 [ChAdOx1 SARS-CoV-2 S 1 dosis/0,5 ml] solución inyectable, vial de 5 ml (10 dosis), Astrazeneca"/></concept><concept><code value="399801000221105"/><display value="SPUTNIK V vacuna COVID-19 componente I [rAd 26 SARS-CoV-2 S 1 dosis/0,5 ml] solución inyectable, vial de 3 ml (5 dosis), Instituto Gamaleya"/></concept><concept><code value="399811000221108"/><display value="SPUTNIK V vacuna COVID-19 componente II [rAd 5 SARS-CoV-2 S 1 dosis/0,5 ml] solución inyectable, vial de 3 ml (5 dosis), Instituto Gamaleya"/></concept><concept><code value="399821000221103"/><display value="JANSSEN vacuna COVID-19 [rAd 26 SARS-CoV-2 S 1 dosis/0,5 ml] suspensión inyectable, vial de 3 ml (5 dosis), Janssen"/></concept><concept><code value="399861000221106"/><display value="vacuna COVID-19 ARNm 100 mcg/ml, suspensión inyectable, vial de 5,5 ml (10 dosis de 0,5 ml)"/></concept><concept><code value="399871000221102"/><display value="vacuna COVID-19 ARNm 100 mcg/ml, suspensión inyectable, vial de 7,5 ml (15 dosis de 0,5 ml)"/></concept><concept><code value="399881000221104"/><display value="vacuna COVID-19 ARNm 30 mcg/0,3 ml, suspensión inyectable, vial de 0,45 ml (6 dosis de 0,3 ml luego de dilución)"/></concept><concept><code value="399891000221101"/><display value="SPIKEVAX vacuna COVID-19 [SARS-CoV-2 S ARNm 100 mcg/0,5 ml] suspensión inyectable, vial de 5.5 ml (10 dosis), Moderna"/></concept><concept><code value="399901000221102"/><display value="SPIKEVAX vacuna COVID-19 [SARS-CoV-2 S ARNm 100 mcg/0,5 ml] suspensión inyectable, vial de 7,5 ml (15 dosis de 0,5 ml), Moderna"/></concept><concept><code value="399911000221104"/><display value="COMIRNATY vacuna COVID-19 [SARS-CoV-2 S ARNm 30 mcg/0,3 ml] suspensión inyectable, vial de 0,45 ml (6 dosis de 0,3 ml luego de dilución), Pfizer"/></concept><concept><code value="424531000221101"/><display value="vacuna COVID-19 virus entero inactivado 1 dosis/0,5 ml, suspensión inyectable"/></concept><concept><code value="424541000221108"/><display value="vacuna COVID-19 virus entero inactivado 1 dosis/0,5 ml, suspensión inyectable, vial de 1 ml (2 dosis)"/></concept><concept><code value="424551000221105"/><display value="SINOPHARM - BIBP vacuna COVID-19 [SARS-COV-2 (células Vero) inactivado 1 dosis/0,5 ml] suspensión inyectable, vial de 1 ml (2 dosis), Sinopharm - Beijing Institute"/></concept><concept><code value="424561000221107"/><display value="vacuna COVID-19 vector no replicante adenovirus de chimpancé 1 dosis/0,5 ml, solución inyectable"/></concept><concept><code value="424571000221103"/><display value="VAXZEVRIA vacuna COVID-19 vector viral no replicante"/></concept><concept><code value="424581000221100"/><display value="COVISHIELD vacuna COVID-19 vector viral no replicante"/></concept><concept><code value="424591000221102"/><display value="JANSSEN vacuna COVID-19 vector viral no replicante"/></concept><concept><code value="424601000221107"/><display value="vacuna COVID-19 vector no replicante Adenovirus humano 26 1 dosis/0,5 ml, suspensión inyectable"/></concept><concept><code value="424611000221105"/><display value="vacuna COVID-19 vector no replicante Adenovirus humano 26 1 dosis/0,5 ml, solución inyectable, vial de 0,5 ml (1 dosis)"/></concept><concept><code value="424621000221100"/><display value="vacuna COVID-19 vector no replicante Adenovirus humano 26 1 dosis/0,5 ml, solución inyectable, vial de 1 ml (2 dosis)"/></concept><concept><code value="424631000221102"/><display value="vacuna COVID-19 vector no replicante Adenovirus humano 26 1 dosis/0,5 ml, solución inyectable"/></concept><concept><code value="424641000221109"/><display value="SPUTNIK V vacuna COVID-19 componente I [rAd 26 SARS-CoV-2 S 1 dosis/0,5 ml] solución inyectable, vial de 0,5 ml (1 dosis), Instituto Gamaleya"/></concept><concept><code value="424651000221106"/><display value="SPUTNIK V vacuna COVID-19 componente I [rAd 26 SARS-CoV-2 S 1 dosis/0,5 ml] solución inyectable, vial de 1 ml (2 dosis), Instituto Gamaleya"/></concept><concept><code value="424661000221108"/><display value="SPUTNIK V vacuna COVID-19 componente II [rAd 5 SARS-CoV-2 S 1 dosis/0,5 ml] solución inyectable, vial de 1 ml (2 dosis), Instituto Gamaleya"/></concept><concept><code value="424671000221104"/><display value="SPUTNIK V vacuna COVID-19 componente II [rAd 5 SARS-CoV-2 S 1 dosis/0,5 ml] solución inyectable, vial de 0,5 ml (1 dosis), Instituto Gamaleya"/></concept><concept><code value="424681000221101"/><display value="vacuna COVID-19 vector no replicante Adenovirus humano 5 1 dosis/0,5 ml, solución inyectable, vial de 1 ml (2 dosis)"/></concept><concept><code value="424691000221103"/><display value="vacuna COVID-19 vector no replicante Adenovirus humano 5 1 dosis/0,5 ml, solución inyectable, vial de 0,5 ml (1 dosis)"/></concept><concept><code value="424701000221103"/><display value="vacuna COVID-19 vector no replicante Adenovirus humano 5 1 dosis/0,5 ml, solución inyectable"/></concept><concept><code value="424711000221100"/><display value="SPUTNIK V vacuna COVID-19 vector viral no replicante"/></concept><concept><code value="424721000221105"/><display value="vacuna COVID-19 ARNm 100 mcg/0,5 ml, suspensión inyectable"/></concept><concept><code value="424731000221108"/><display value="SPIKEVAX vacuna COVID-19 ARNm"/></concept><concept><code value="424741000221101"/><display value="vacuna COVID-19 ARNm 30 mcg/0,3 ml, suspensión inyectable"/></concept><concept><code value="424751000221104"/><display value="COMIRNATY vacuna COVID-19 ARNm"/></concept><concept><code value="424781000221109"/><display value="CONVIDECIA vacuna COVID-19 [rAd 5 SARS-CoV-2 S 1 dosis/0,5 ml] solución inyectable, vial de 0,5 ml, (1 dosis), Cansino"/></concept><concept><code value="424791000221107"/><display value="CONVIDECIA vacuna COVID-19 [rAd 5 SARS-CoV-2 S 1 dosis/0,5 ml] solución inyectable, vial de 1,5 ml (3 dosis), Cansino"/></concept><concept><code value="424801000221108"/><display value="vacuna COVID-19 vector no replicante Adenovirus humano 5 1 dosis/0,5 ml, solución inyectable, vial de 1,5 ml (3 dosis)"/></concept><concept><code value="424821000221101"/><display value="SPUTNIK LIGTH vacuna COVID-19 vector viral no replicante"/></concept><concept><code value="424831000221103"/><display value="NOVAVAX vacuna COVID-19 proteína de espiga recombinante"/></concept><concept><code value="424971000221108"/><display value="ZYDUS CADILA vacuna COVID-19 ADN"/></concept><concept><code value="425001000221100"/><display value="SPUTNIK V componente I vacuna COVID-19 vector viral no replicante rAd 26"/></concept><concept><code value="425011000221102"/><display value="SPUTNIK V componente II vacuna COVID-19 vector viral no replicante rAd 5"/></concept><concept><code value="425031000221105"/><display value="VAXZEVRIA vacuna COVID-19 [ChAdOx1 SARS-CoV-2 S 1 dosis/0,5 ml] solución inyectable, vial de 4 ml (8 dosis), Astrazeneca"/></concept><concept><code value="425051000221101"/><display value="vacuna que contiene vector adenovirus de chimpancé no replicante que codifica proteína de espiga de SARS-CoV-2 1 dosis/0,5 ml, solución inyectable, vial de 4 ml (8 dosis)"/></concept><concept><code value="62051000220105"/><display value="Janssen COVID-19 Vaccine 0.5 millilitre suspension injection Janssen Inc"/></concept></include></compose></ValueSet>