<?xml version="1.0" encoding="UTF-8"?><ValueSet xmlns="http://hl7.org/fhir"><id value="lab-qualitative-result"/><text><status value="extensions"/><div xmlns="http://www.w3.org/1999/xhtml">
        
            <p>
                The following codes from the <code><a href="http://terminology.hl7.org/5.0.0/CodeSystem-v3-loinc.html">Logical Observation Identifiers, Names and Codes (LOINC)</a></code> code system are included:
            </p>
            <table class="table-striped table table-bordered">
                <tr>
                    <th>Code</th>
                    <th>Description(s)</th>
                </tr>
                
                    <tr>
                        <td><code>LA28481-2</code></td>
                        <td>
                            
                                Past infection
                            
                        </td>
                    </tr>
                
                    <tr>
                        <td><code>LA28482-0</code></td>
                        <td>
                            
                                Recent infection
                            
                        </td>
                    </tr>
                
            </table>
        
            <p>
                The following codes from the <code><a href="http://hl7.org/fhir/R4/codesystem-snomedct.html">SNOMED CT (all versions)</a></code> code system are included:
            </p>
            <table class="table-striped table table-bordered">
                <tr>
                    <th>Code</th>
                    <th>Description(s)</th>
                </tr>
                
                    <tr>
                        <td><code>10828004</code></td>
                        <td>
                            
                                Positive (qualifier value)
                            
                        </td>
                    </tr>
                
                    <tr>
                        <td><code>11214006</code></td>
                        <td>
                            
                                Reactive (qualifier value)
                            
                        </td>
                    </tr>
                
                    <tr>
                        <td><code>125154007</code></td>
                        <td>
                            
                                Specimen unsatisfactory for evaluation (finding)
                            
                        </td>
                    </tr>
                
                    <tr>
                        <td><code>131194007</code></td>
                        <td>
                            
                                Non-reactive (qualifier value)
                            
                        </td>
                    </tr>
                
                    <tr>
                        <td><code>260373001</code></td>
                        <td>
                            
                                Detected (qualifier value)
                            
                        </td>
                    </tr>
                
                    <tr>
                        <td><code>260385009</code></td>
                        <td>
                            
                                Negative (qualifier value)
                            
                        </td>
                    </tr>
                
                    <tr>
                        <td><code>260415000</code></td>
                        <td>
                            
                                Not detected (qualifier value)
                            
                        </td>
                    </tr>
                
                    <tr>
                        <td><code>407479009</code></td>
                        <td>
                            
                                Influenza A virus (organism)
                            
                        </td>
                    </tr>
                
                    <tr>
                        <td><code>407480007</code></td>
                        <td>
                            
                                Influenza B virus (organism)
                            
                        </td>
                    </tr>
                
                    <tr>
                        <td><code>415684004</code></td>
                        <td>
                            
                                Suspected (qualifier value)
                            
                        </td>
                    </tr>
                
                    <tr>
                        <td><code>419984006</code></td>
                        <td>
                            
                                Inconclusive (qualifier value)
                            
                        </td>
                    </tr>
                
                    <tr>
                        <td><code>42425007</code></td>
                        <td>
                            
                                Equivocal (qualifier value)
                            
                        </td>
                    </tr>
                
                    <tr>
                        <td><code>455371000124106</code></td>
                        <td>
                            
                                Invalid result (qualifier value)
                            
                        </td>
                    </tr>
                
                    <tr>
                        <td><code>720735008</code></td>
                        <td>
                            
                                Presumptive positive (qualifier value)
                            
                        </td>
                    </tr>
                
                    <tr>
                        <td><code>82334004</code></td>
                        <td>
                            
                                Indeterminate (qualifier value)
                            
                        </td>
                    </tr>
                
                    <tr>
                        <td><code>840533007</code></td>
                        <td>
                            
                                Severe acute respiratory syndrome coronavirus 2 (organism)
                            
                        </td>
                    </tr>
                
            </table>
        
</div></text><url value="https://terminology.smarthealth.cards/ValueSet/lab-qualitative-result"/><version value="2022.2"/><name value="LabQualitativeResultValueSet"/><title value="Qualitative infectious disease-related lab test result codes"/><status value="active"/><date value="2023-06-01T21:01:58+00:00"/><publisher value="VCI"/><contact><name value="VCI"/><telecom><system value="url"/><value value="https://vci.org"/></telecom></contact><description value="This value set includes a codes to identify the results of qualitative lab tests related to infectious diseases."/><copyright value="This material contains content from LOINC (http://loinc.org). LOINC is copyright © 1995-2022, Regenstrief Institute, Inc. and the Logical Observation Identifiers Names and Codes (LOINC) Committee and is available at no cost under the license at http://loinc.org/license. LOINC® is a registered United States trademark of Regenstrief Institute, Inc&#xA;&#xA;The SNOMED CT codes in this ValueSet are part of SNOMED GPS, which is produced by SNOMED International under the terms of the [Creative Commons Attribution 4.0 International Public License](https://creativecommons.org/licenses/by/4.0/).&#xA;&#xA;Additional information about this license specific to SNOMED International's release of the GPS:&#xA;&#xA;- SNOMED CT is © and ® SNOMED International. The right to maintain the GPS remains vested exclusively in SNOMED International.&#xA;- The Licensee can redistribute the GPS.&#xA;- The Licensee can create derivatives or implementation-related products and services based on the GPS.&#xA;- The Licensee cannot claim that SNOMED International or any of its Members endorses the Licensee's derivative because it uses content from the GPS.&#xA;- Neither SNOMED International nor any of the contributors accept any liability for the Licensee's use or redistribution of the GPS.&#xA;- SNOMED CT® was originally created by the College of American Pathologists.&#xA;&#xA;Without obtaining prior written permission from SNOMED International, you are expressly prohibited from using, distributing or reproducing the SNOMED International, SNOMED CT or SNOMED GPS logo, service mark or trademark. Please review all terms and conditions of use [here](http://www.snomed.org/terms-and-conditions)."/><compose><include><system value="http://loinc.org"/><concept><code value="LA28481-2"/><display value="Past infection"/></concept><concept><code value="LA28482-0"/><display value="Recent infection"/></concept></include><include><system value="http://snomed.info/sct"/><concept><code value="10828004"/><display value="Positive (qualifier value)"/></concept><concept><code value="11214006"/><display value="Reactive (qualifier value)"/></concept><concept><code value="125154007"/><display value="Specimen unsatisfactory for evaluation (finding)"/></concept><concept><code value="131194007"/><display value="Non-reactive (qualifier value)"/></concept><concept><code value="260373001"/><display value="Detected (qualifier value)"/></concept><concept><code value="260385009"/><display value="Negative (qualifier value)"/></concept><concept><code value="260415000"/><display value="Not detected (qualifier value)"/></concept><concept><code value="407479009"/><display value="Influenza A virus (organism)"/></concept><concept><code value="407480007"/><display value="Influenza B virus (organism)"/></concept><concept><code value="415684004"/><display value="Suspected (qualifier value)"/></concept><concept><code value="419984006"/><display value="Inconclusive (qualifier value)"/></concept><concept><code value="42425007"/><display value="Equivocal (qualifier value)"/></concept><concept><code value="455371000124106"/><display value="Invalid result (qualifier value)"/></concept><concept><code value="720735008"/><display value="Presumptive positive (qualifier value)"/></concept><concept><code value="82334004"/><display value="Indeterminate (qualifier value)"/></concept><concept><code value="840533007"/><display value="Severe acute respiratory syndrome coronavirus 2 (organism)"/></concept></include></compose></ValueSet>