{"resourceType":"ValueSet","id":"covid-cvx","language":"en","text":{"status":"extensions","div":"<div xmlns=\"http://www.w3.org/1999/xhtml\" xml:lang=\"en\" lang=\"en\"><p><b style=\"color: maroon\">Exception generating Narrative: unexpected non-end of element null::a  at line 3 column 74</b></p></div>"},"url":"https://terminology.smarthealth.cards/ValueSet/covid-cvx","version":"0.1.0","name":"CovidCVXValueSet","title":"CVX Covid Codes for use in Smart Health Cards","status":"draft","date":"2021-09-22","publisher":"VCI","contact":[{"name":"VCI","telecom":[{"system":"url","value":"https://vci.org"}]}],"description":"A list of CVX codes with recommended consumer suitable displays for use in Smart Health Cards, with localized consumer friendly terms","jurisdiction":[{"coding":[{"system":"urn:iso:std:iso:3166","code":"AU"},{"system":"urn:iso:std:iso:3166","code":"US"}]}],"copyright":"Creative Commons 0","compose":{"include":[{"system":"http://hl7.org/fhir/sid/cvx","concept":[{"code":"210","display":"COVID-19 vaccine, vector-nr, rS-ChAdOx1, PF, 0.5 mL","designation":[{"language":"en-AU","use":{"system":"https://terminology.smarthealth.cards/CodeSystem/designation-use"},"value":"AstraZeneca (Vaxzevria)"},{"language":"en-US","use":{"system":"https://terminology.smarthealth.cards/CodeSystem/designation-use"},"value":"AstraZeneca COVID-19 Vaccine"}]},{"code":"208","display":"COVID-19, mRNA, LNP-S, PF, 30 mcg/0.3 mL dose","designation":[{"language":"en-AU","use":{"system":"https://terminology.smarthealth.cards/CodeSystem/designation-use"},"value":"Pfizer (Comirnaty)"},{"language":"en-US","use":{"system":"https://terminology.smarthealth.cards/CodeSystem/designation-use"},"value":"Pfizer-BioNTech COVID-19 Vaccine"},{"language":"en-NZ","use":{"system":"https://terminology.smarthealth.cards/CodeSystem/designation-use"},"value":"Pfizer-BioNTech COVID-19 Vaccine"}]},{"code":"207","display":"COVID-19, mRNA, LNP-S, PF, 100 mcg or 50 mcg dose","designation":[{"language":"en-AU","use":{"system":"https://terminology.smarthealth.cards/CodeSystem/designation-use"},"value":"Moderna (Spikevax)"},{"language":"en-US","use":{"system":"https://terminology.smarthealth.cards/CodeSystem/designation-use"},"value":"Moderna COVID-19 Vaccine"}]},{"code":"212","display":"COVID-19 vaccine, vector-nr, rS-Ad26, PF, 0.5 mL","designation":[{"language":"en-AU","use":{"system":"https://terminology.smarthealth.cards/CodeSystem/designation-use"},"value":"Janssen COVID-19 Vaccine"},{"language":"en-US","use":{"system":"https://terminology.smarthealth.cards/CodeSystem/designation-use"},"value":"Janssen COVID-19 Vaccine"}]},{"code":"217","display":"COVID-19, mRNA, LNP-S, PF, 30 mcg/0.3 mL dose, tris-sucrose","designation":[{"language":"en-AU","use":{"system":"https://terminology.smarthealth.cards/CodeSystem/designation-use"},"value":"Pfizer (Comirnaty)"},{"language":"en-US","use":{"system":"https://terminology.smarthealth.cards/CodeSystem/designation-use"},"value":"Pfizer-BioNTech COVID-19 Vaccine"}]},{"code":"218","display":"COVID-19, mRNA, LNP-S, PF, 10 mcg/0.2 mL dose, tris-sucrose","designation":[{"language":"en-AU","use":{"system":"https://terminology.smarthealth.cards/CodeSystem/designation-use"},"value":"Pfizer (Comirnaty) - Child dose"},{"language":"en-US","use":{"system":"https://terminology.smarthealth.cards/CodeSystem/designation-use"},"value":"Pfizer-BioNTech COVID-19 Vaccine"}]},{"code":"510","display":"COVID-19 IV Non-US Vaccine (BIBP, Sinopharm)","designation":[{"language":"en-US","use":{"system":"https://terminology.smarthealth.cards/CodeSystem/designation-use"},"value":"Sinopharm (BIBP) COVID-19 Vaccine"}]},{"code":"511","display":"COVID-19 IV Non-US Vaccine (CoronaVac, Sinovac)","designation":[{"language":"en-US","use":{"system":"https://terminology.smarthealth.cards/CodeSystem/designation-use"},"value":"Coronavac (Sinovac) COVID-19 Vaccine"}]},{"code":"211","display":"COVID-19 vaccine, Subunit, rS-nanoparticle+Matrix-M1 Adjuvant, PF, 0.5 mL","designation":[{"language":"en-US","use":{"system":"https://terminology.smarthealth.cards/CodeSystem/designation-use"},"value":"Novavax COVID-19 Vaccine"}]},{"code":"219","display":"COVID-19, mRNA, LNP-S, PF, 3 mcg/0.2 mL dose, tris-sucrose","designation":[{"language":"en-US","use":{"system":"https://terminology.smarthealth.cards/CodeSystem/designation-use"},"value":"Pfizer-BioNTech COVID-19 Vaccine (EUA labeled) COMIRNATY (BLA labeled)"}]},{"code":"502","display":"COVID-19 IV Non-US Vaccine (COVAXIN)","designation":[{"language":"en-US","use":{"system":"https://terminology.smarthealth.cards/CodeSystem/designation-use"},"value":"COVAXIN (Bharat) COVID-19 Vaccine"}]}]}]}}