<?xml version="1.0" encoding="UTF-8"?>

<ValueSet xmlns="http://hl7.org/fhir">
  <id value="covid-cvx"/>
  <language value="en"/>
  <text>
    <status value="extensions"/><div xmlns="http://www.w3.org/1999/xhtml" xml:lang="en" lang="en"><p><b style="color: maroon">Exception generating Narrative: unexpected non-end of element null::a  at line 3 column 74</b></p></div>
  </text>
  <url value="https://terminology.smarthealth.cards/ValueSet/covid-cvx"/>
  <version value="0.1.0"/>
  <name value="CovidCVXValueSet"/>
  <title value="CVX Covid Codes for use in Smart Health Cards"/>
  <status value="draft"/>
  <date value="2021-09-22"/>
  <publisher value="VCI"/>
  <contact>
    <name value="VCI"/>
    <telecom>
      <system value="url"/>
      <value value="https://vci.org"/>
    </telecom>
  </contact>
  <description value="A list of CVX codes with recommended consumer suitable displays for use in Smart Health Cards, with localized consumer friendly terms"/>
  <jurisdiction>
    <coding>
      <system value="urn:iso:std:iso:3166"/>
      <code value="AU"/>
    </coding>
    <coding>
      <system value="urn:iso:std:iso:3166"/>
      <code value="US"/>
    </coding>
  </jurisdiction>
  <copyright value="Creative Commons 0"/>
  <compose>
    <include>
      <system value="http://hl7.org/fhir/sid/cvx"/>
      <concept>
        <code value="210"/>
        <display value="COVID-19 vaccine, vector-nr, rS-ChAdOx1, PF, 0.5 mL"/>
        <designation>
          <language value="en-AU"/>
          <use>
            <system value="https://terminology.smarthealth.cards/CodeSystem/designation-use"/>
          </use>
          <value value="AstraZeneca (Vaxzevria)"/>
        </designation>
        <designation>
          <language value="en-US"/>
          <use>
            <system value="https://terminology.smarthealth.cards/CodeSystem/designation-use"/>
          </use>
          <value value="AstraZeneca COVID-19 Vaccine"/>
        </designation>
      </concept>
      <concept>
        <code value="208"/>
        <display value="COVID-19, mRNA, LNP-S, PF, 30 mcg/0.3 mL dose"/>
        <designation>
          <language value="en-AU"/>
          <use>
            <system value="https://terminology.smarthealth.cards/CodeSystem/designation-use"/>
          </use>
          <value value="Pfizer (Comirnaty)"/>
        </designation>
        <designation>
          <language value="en-US"/>
          <use>
            <system value="https://terminology.smarthealth.cards/CodeSystem/designation-use"/>
          </use>
          <value value="Pfizer-BioNTech COVID-19 Vaccine"/>
        </designation>
        <designation>
          <language value="en-NZ"/>
          <use>
            <system value="https://terminology.smarthealth.cards/CodeSystem/designation-use"/>
          </use>
          <value value="Pfizer-BioNTech COVID-19 Vaccine"/>
        </designation>
      </concept>
      <concept>
        <code value="207"/>
        <display value="COVID-19, mRNA, LNP-S, PF, 100 mcg or 50 mcg dose"/>
        <designation>
          <language value="en-AU"/>
          <use>
            <system value="https://terminology.smarthealth.cards/CodeSystem/designation-use"/>
          </use>
          <value value="Moderna (Spikevax)"/>
        </designation>
        <designation>
          <language value="en-US"/>
          <use>
            <system value="https://terminology.smarthealth.cards/CodeSystem/designation-use"/>
          </use>
          <value value="Moderna COVID-19 Vaccine"/>
        </designation>
      </concept>
      <concept>
        <code value="212"/>
        <display value="COVID-19 vaccine, vector-nr, rS-Ad26, PF, 0.5 mL"/>
        <designation>
          <language value="en-AU"/>
          <use>
            <system value="https://terminology.smarthealth.cards/CodeSystem/designation-use"/>
          </use>
          <value value="Janssen COVID-19 Vaccine"/>
        </designation>
        <designation>
          <language value="en-US"/>
          <use>
            <system value="https://terminology.smarthealth.cards/CodeSystem/designation-use"/>
          </use>
          <value value="Janssen COVID-19 Vaccine"/>
        </designation>
      </concept>
      <concept>
        <code value="217"/>
        <display value="COVID-19, mRNA, LNP-S, PF, 30 mcg/0.3 mL dose, tris-sucrose"/>
        <designation>
          <language value="en-AU"/>
          <use>
            <system value="https://terminology.smarthealth.cards/CodeSystem/designation-use"/>
          </use>
          <value value="Pfizer (Comirnaty)"/>
        </designation>
        <designation>
          <language value="en-US"/>
          <use>
            <system value="https://terminology.smarthealth.cards/CodeSystem/designation-use"/>
          </use>
          <value value="Pfizer-BioNTech COVID-19 Vaccine"/>
        </designation>
      </concept>
      <concept>
        <code value="218"/>
        <display value="COVID-19, mRNA, LNP-S, PF, 10 mcg/0.2 mL dose, tris-sucrose"/>
        <designation>
          <language value="en-AU"/>
          <use>
            <system value="https://terminology.smarthealth.cards/CodeSystem/designation-use"/>
          </use>
          <value value="Pfizer (Comirnaty) - Child dose"/>
        </designation>
        <designation>
          <language value="en-US"/>
          <use>
            <system value="https://terminology.smarthealth.cards/CodeSystem/designation-use"/>
          </use>
          <value value="Pfizer-BioNTech COVID-19 Vaccine"/>
        </designation>
      </concept>
      <concept>
        <code value="510"/>
        <display value="COVID-19 IV Non-US Vaccine (BIBP, Sinopharm)"/>
        <designation>
          <language value="en-US"/>
          <use>
            <system value="https://terminology.smarthealth.cards/CodeSystem/designation-use"/>
          </use>
          <value value="Sinopharm (BIBP) COVID-19 Vaccine"/>
        </designation>
      </concept>
      <concept>
        <code value="511"/>
        <display value="COVID-19 IV Non-US Vaccine (CoronaVac, Sinovac)"/>
        <designation>
          <language value="en-US"/>
          <use>
            <system value="https://terminology.smarthealth.cards/CodeSystem/designation-use"/>
          </use>
          <value value="Coronavac (Sinovac) COVID-19 Vaccine"/>
        </designation>
      </concept>
      <concept>
        <code value="211"/>
        <display value="COVID-19 vaccine, Subunit, rS-nanoparticle+Matrix-M1 Adjuvant, PF, 0.5 mL"/>
        <designation>
          <language value="en-US"/>
          <use>
            <system value="https://terminology.smarthealth.cards/CodeSystem/designation-use"/>
          </use>
          <value value="Novavax COVID-19 Vaccine"/>
        </designation>
      </concept>
      <concept>
        <code value="219"/>
        <display value="COVID-19, mRNA, LNP-S, PF, 3 mcg/0.2 mL dose, tris-sucrose"/>
        <designation>
          <language value="en-US"/>
          <use>
            <system value="https://terminology.smarthealth.cards/CodeSystem/designation-use"/>
          </use>
          <value value="Pfizer-BioNTech COVID-19 Vaccine (EUA labeled) COMIRNATY (BLA labeled)"/>
        </designation>
      </concept>
      <concept>
        <code value="502"/>
        <display value="COVID-19 IV Non-US Vaccine (COVAXIN)"/>
        <designation>
          <language value="en-US"/>
          <use>
            <system value="https://terminology.smarthealth.cards/CodeSystem/designation-use"/>
          </use>
          <value value="COVAXIN (Bharat) COVID-19 Vaccine"/>
        </designation>
      </concept>
    </include>
  </compose>
</ValueSet>